{"id":"dcab4edd6d32b0fe","type":"cicadaFlow","node":[{"type":"rect","style":{"fill":"rgba(48,68,85,1)","stroke":"#333","lineWidth":1,"text":"New Vue()\n实例化","textFill":"rgb(255,255,255)","fontWeight":"normal","fontStyle":"","textPosition":"inside","fontSize":12,"opacity":1,"font":"normal 12px sans-serif","textAlign":null,"shadowColor":"","shadowBlur":0},"z":200,"command":"rectangle","id":2568,"position":[25.5,432.5],"draggable":true,"shape":{"x":0,"y":0,"width":122,"height":47,"r":[3]}},{"type":"rect","style":{"fill":"rgba(58,184,130,1)","stroke":"rgb(248,248,248)","lineWidth":1,"text":"初始化\n事件&生命周期","textFill":"rgb(248,248,248)","fontWeight":"normal","fontStyle":"","textPosition":"inside","fontSize":12,"opacity":1,"font":"normal 12px sans-serif","textAlign":null,"shadowColor":"","shadowBlur":0},"z":200,"command":"rectangle","id":3399,"position":[214.5,433.5],"draggable":true,"shape":{"x":0,"y":0,"width":127,"height":45,"r":[3]}},{"type":"rect","style":{"fill":"rgba(58,184,130,1)","stroke":"rgb(248,248,248)","lineWidth":1,"text":"初始化\n注入&校验","textFill":"rgb(248,248,248)","fontWeight":"normal","fontStyle":"","textPosition":"inside","fontSize":12,"opacity":1,"font":"normal 12px sans-serif","textAlign":null,"shadowColor":"","shadowBlur":0,"transformText":true},"z":200,"command":"rectangle","id":4361,"position":[422.5,433.5],"draggable":true,"shape":{"x":0,"y":0,"width":127,"height":45,"r":[3]}},{"type":"rect","style":{"fill":"rgba(58,184,130,1)","stroke":"rgb(248,248,248)","lineWidth":1,"text":"将template编译\n入render函数","textFill":"rgb(248,248,248)","fontWeight":"normal","fontStyle":"","textPosition":"inside","fontSize":14,"opacity":1,"font":"normal 14px sans-serif","textAlign":null,"shadowColor":"","shadowBlur":0,"transformText":true},"z":200,"command":"rectangle","id":4739,"position":[1020.5,355.5],"draggable":true,"shape":{"x":0,"y":0,"width":143,"height":55,"r":[3]}},{"type":"diamond","style":{"fill":"rgba(252,183,56,1)","stroke":"rgb(252,183,56)","lineWidth":1,"text":"是否指定\nel选项？","textFill":"rgb(252,252,252)","fontWeight":"normal","fontStyle":"","textPosition":"inside","fontSize":12,"font":"normal 12px sans-serif","textAlign":null,"shadowColor":"","shadowBlur":0},"z":200,"command":"diamond","id":4886,"position":[630.5,413.5],"draggable":true,"shape":{"x":0,"y":0,"width":142,"height":85}},{"type":"diamond","style":{"fill":"rgba(252,183,56,1)","stroke":"rgb(252,183,56)","lineWidth":1,"text":"是否指定\ntemplate选项？","textFill":"rgb(250,250,250)","fontWeight":"normal","fontStyle":"","textPosition":"inside","fontSize":12,"font":"normal 12px sans-serif","textAlign":null,"shadowColor":"","shadowBlur":0,"transformText":true},"z":200,"command":"diamond","id":5456,"position":[824.5,413.5],"draggable":true,"shape":{"x":0,"y":0,"width":142,"height":85}},{"type":"rect","style":{"fill":"rgba(58,184,130,1)","stroke":"rgb(248,248,248)","lineWidth":1,"text":"将el外部的html\n作为template编译","textFill":"rgb(248,248,248)","fontWeight":"normal","fontStyle":"","textPosition":"inside","fontSize":14,"opacity":1,"font":"normal 14px sans-serif","textAlign":null,"shadowColor":"","shadowBlur":0,"transformText":true},"z":200,"command":"rectangle","id":7152,"position":[1020.5,503.5],"draggable":true,"shape":{"x":0,"y":0,"width":143,"height":55,"r":[3]}},{"type":"rect","style":{"fill":"rgba(58,184,130,1)","stroke":"rgb(248,248,248)","lineWidth":1,"text":"创建vm.$el\n并将其替换el","textFill":"rgb(248,248,248)","fontWeight":"normal","fontStyle":"","textPosition":"inside","fontSize":14,"opacity":1,"font":"normal 14px sans-serif","textAlign":null,"shadowColor":"","shadowBlur":0,"transformText":true},"z":200,"command":"rectangle","id":7868,"position":[1241.5,428.5],"draggable":true,"shape":{"x":0,"y":0,"width":143,"height":55,"r":[3]}},{"type":"ellipse","style":{"fill":"rgba(218,89,97,1)","stroke":"rgb(218,89,97)","lineWidth":1,"text":"挂载完毕","textFill":"rgb(252,252,252)","fontWeight":"normal","fontStyle":"","textPosition":"inside","fontSize":14,"font":"normal 14px sans-serif","textAlign":null,"shadowColor":"","shadowBlur":0},"z":200,"command":"circular","id":8544,"position":[1524.5,456.5],"draggable":true,"shape":{"cx":0,"cy":0,"rx":40,"ry":40}},{"type":"ellipse","style":{"fill":"rgba(218,89,97,1)","stroke":"rgb(218,89,97)","lineWidth":1,"text":"销毁完毕","textFill":"rgb(252,252,252)","fontWeight":"normal","fontStyle":"","textPosition":"inside","fontSize":14,"font":"normal 14px sans-serif","textAlign":null,"shadowColor":"","shadowBlur":0,"transformText":true},"z":200,"command":"circular","id":10112,"position":[1945.5,456.5],"draggable":true,"shape":{"cx":0,"cy":0,"rx":40,"ry":40}},{"type":"rect","style":{"fill":"rgba(58,184,130,1)","stroke":"rgb(248,248,248)","lineWidth":1,"text":"解除绑定\n销毁组件\n以及事件监听器","textFill":"rgb(248,248,248)","fontWeight":"normal","fontStyle":"","textPosition":"inside","fontSize":14,"opacity":1,"font":"normal 14px sans-serif","textAlign":null,"shadowColor":"","shadowBlur":0,"transformText":true},"z":200,"command":"rectangle","id":10949,"position":[1658.5,426.5],"draggable":true,"shape":{"x":0,"y":0,"width":151,"height":59,"r":[3]}},{"type":"rect","style":{"fill":"rgba(255,255,255,0)","stroke":"rgb(208,2,27)","lineWidth":1,"text":"beforeCreate","textFill":"rgb(208,2,27)","fontWeight":"normal","fontStyle":"","textPosition":"inside","fontSize":12,"opacity":1,"font":"normal 12px sans-serif","textAlign":null,"shadowColor":"","shadowBlur":0},"z":200,"command":"rectangle","id":19939,"position":[322.5,598.5],"draggable":true,"shape":{"x":0,"y":0,"width":109,"height":39,"r":[3]}},{"type":"rect","style":{"fill":"rgba(255,255,255,0)","stroke":"rgb(208,2,27)","lineWidth":1,"text":"created","textFill":"rgb(208,2,27)","fontWeight":"normal","fontStyle":"","textPosition":"inside","fontSize":12,"opacity":1,"font":"normal 12px sans-serif","textAlign":null,"shadowColor":"","shadowBlur":0,"transformText":true},"z":200,"command":"rectangle","id":30534,"position":[525.5,598.5],"draggable":true,"shape":{"x":0,"y":0,"width":109,"height":39,"r":[3]}},{"type":"text","style":{"fill":null,"stroke":null,"lineWidth":1,"text":"是","textFill":"#333","fontWeight":"normal","fontStyle":"","textPosition":"inside","fontSize":12,"opacity":1,"font":"normal 12px sans-serif","textAlign":null,"shadowOffsetY":null,"shadowOffsetX":null,"shadowColor":null,"shadowBlur":null},"z":200,"command":"text","id":44474,"position":[790.5,461.5],"draggable":true,"shape":{"x":0,"y":0,"width":100,"height":40,"r":[3]}},{"type":"text","style":{"fill":null,"stroke":null,"lineWidth":1,"text":"否","textFill":"#333","fontWeight":"normal","fontStyle":"","textPosition":"inside","fontSize":12,"opacity":1,"font":"normal 12px sans-serif","textAlign":null,"shadowOffsetY":null,"shadowOffsetX":null,"shadowColor":null,"shadowBlur":null},"z":200,"command":"text","id":46570,"position":[684.5,383.5],"draggable":true,"shape":{"x":0,"y":0,"width":100,"height":40,"r":[3]}},{"type":"text","style":{"fill":null,"stroke":null,"lineWidth":1,"text":"当调用\nvm.$mount(el)时","textFill":"#333","fontWeight":"normal","fontStyle":"","textPosition":"inside","fontSize":12,"opacity":1,"font":"normal 12px sans-serif","textAlign":null,"shadowOffsetY":null,"shadowOffsetX":null,"shadowColor":null,"shadowBlur":null},"z":200,"command":"text","id":48339,"position":[747.5,342.5],"draggable":true,"shape":{"x":0,"y":0,"width":100,"height":40,"r":[3]}},{"type":"rect","style":{"fill":"rgba(255,255,255,0)","stroke":"rgb(208,2,27)","lineWidth":1,"text":"beforeMount","textFill":"rgb(208,2,27)","fontWeight":"normal","fontStyle":"","textPosition":"inside","fontSize":12,"opacity":1,"font":"normal 12px sans-serif","textAlign":null,"shadowColor":"","shadowBlur":0,"transformText":true},"z":200,"command":"rectangle","id":58470,"position":[1159.5,598.5],"draggable":true,"shape":{"x":0,"y":0,"width":109,"height":39,"r":[3]}},{"type":"rect","style":{"fill":"rgba(255,255,255,0)","stroke":"rgb(208,2,27)","lineWidth":1,"text":"mounted","textFill":"rgb(208,2,27)","fontWeight":"normal","fontStyle":"","textPosition":"inside","fontSize":12,"opacity":1,"font":"normal 12px sans-serif","textAlign":null,"shadowColor":"","shadowBlur":0,"transformText":true},"z":200,"command":"rectangle","id":64793,"position":[1352.5,599.5],"draggable":true,"shape":{"x":0,"y":0,"width":109,"height":39,"r":[3]}},{"type":"rect","style":{"fill":"rgba(58,184,130,1)","stroke":"rgb(248,248,248)","lineWidth":1,"text":"虚拟DOM重新渲染\n以及更新应用","textFill":"rgb(248,248,248)","fontWeight":"normal","fontStyle":"","textPosition":"inside","fontSize":14,"opacity":1,"font":"normal 14px sans-serif","textAlign":null,"shadowColor":"","shadowBlur":0,"transformText":true},"z":200,"command":"rectangle","id":71643,"position":[1453.5,184.5],"draggable":true,"shape":{"x":0,"y":0,"width":151,"height":59,"r":[3]}},{"type":"rect","style":{"fill":"rgba(255,255,255,0)","stroke":"rgb(208,2,27)","lineWidth":1,"text":"beforeUpdate","textFill":"rgb(208,2,27)","fontWeight":"normal","fontStyle":"","textPosition":"inside","fontSize":12,"opacity":1,"font":"normal 12px sans-serif","textAlign":null,"shadowColor":"","shadowBlur":0,"transformText":true},"z":200,"command":"rectangle","id":85527,"position":[1322.5,239.5],"draggable":true,"shape":{"x":0,"y":0,"width":96,"height":32,"r":[3]}},{"type":"rect","style":{"fill":"rgba(255,255,255,0)","stroke":"rgb(208,2,27)","lineWidth":1,"text":"updated","textFill":"rgb(208,2,27)","fontWeight":"normal","fontStyle":"","textPosition":"inside","fontSize":12,"opacity":1,"font":"normal 12px sans-serif","textAlign":null,"shadowColor":"","shadowBlur":0,"transformText":true},"z":200,"command":"rectangle","id":87400,"position":[1640.5,242.5],"draggable":true,"shape":{"x":0,"y":0,"width":96,"height":32,"r":[3]}},{"type":"rect","style":{"fill":"rgba(255,255,255,0)","stroke":"rgb(208,2,27)","lineWidth":1,"text":"beforeDestroy","textFill":"rgb(208,2,27)","fontWeight":"normal","fontStyle":"","textPosition":"inside","fontSize":12,"opacity":1,"font":"normal 12px sans-serif","textAlign":null,"shadowColor":"","shadowBlur":0,"transformText":true},"z":200,"command":"rectangle","id":143638,"position":[1556.5,599.5],"draggable":true,"shape":{"x":0,"y":0,"width":109,"height":39,"r":[3]}},{"type":"rect","style":{"fill":"rgba(255,255,255,0)","stroke":"rgb(208,2,27)","lineWidth":1,"text":"destroyed","textFill":"rgb(208,2,27)","fontWeight":"normal","fontStyle":"","textPosition":"inside","fontSize":12,"opacity":1,"font":"normal 12px sans-serif","textAlign":null,"shadowColor":"","shadowBlur":0,"transformText":true},"z":200,"command":"rectangle","id":147780,"position":[1890.5,599.5],"draggable":true,"shape":{"x":0,"y":0,"width":109,"height":39,"r":[3]}},{"type":"text","style":{"fill":null,"stroke":null,"lineWidth":1,"text":"是","textFill":"#333","fontWeight":"normal","fontStyle":"","textPosition":"inside","fontSize":12,"opacity":1,"font":"normal 12px sans-serif","textAlign":null,"shadowOffsetY":null,"shadowOffsetX":null,"shadowColor":null,"shadowBlur":null},"z":200,"command":"text","id":222862,"position":[976.5,403.5],"draggable":true,"shape":{"x":0,"y":0,"width":100,"height":40,"r":[3]}},{"type":"text","style":{"fill":null,"stroke":null,"lineWidth":1,"text":"否","textFill":"#333","fontWeight":"normal","fontStyle":"","textPosition":"inside","fontSize":12,"opacity":1,"font":"normal 12px sans-serif","textAlign":null,"shadowOffsetY":null,"shadowOffsetX":null,"shadowColor":null,"shadowBlur":null},"z":200,"command":"text","id":224684,"position":[976.5,492.5],"draggable":true,"shape":{"x":0,"y":0,"width":100,"height":40,"r":[3]}}],"group":[{"id":9593,"nodes":[{"type":"node","node":2568},{"type":"node","node":3399},{"type":"node","node":4361},{"type":"node","node":4739},{"type":"node","node":4886},{"type":"node","node":5456},{"type":"node","node":7152},{"type":"node","node":7868},{"type":"node","node":8544},{"type":"node","node":10112},{"type":"node","node":10949},{"type":"node","node":19939},{"type":"node","node":30534},{"type":"node","node":44474},{"type":"node","node":46570},{"type":"node","node":48339},{"type":"node","node":58470},{"type":"node","node":64793},{"type":"node","node":71643},{"type":"node","node":85527},{"type":"node","node":87400},{"type":"node","node":143638},{"type":"node","node":147780},{"type":"node","node":222862},{"type":"node","node":224684}],"topGroup":"","headStyle":{"fill":"#fafafa","lineWidth":1,"stroke":"#ccc","text":"vue 生命周期","textFill":"#333","lineDash":[4,2],"textPosition":"insideLeft","fontSize":12,"fontStyle":"","fontWeight":"bold","transformText":true,"font":"bold 12px sans-serif","textAlign":null},"groupStyle":{"fill":"#fafafa","lineWidth":1,"stroke":"#ccc","lineDash":[4,2]},"showHead":true}],"edge":[{"id":15915,"fromNode":4886,"endNode":5456,"fromAnch":2,"toAnch":4,"text":"","stroke":"#666","textFill":"#666","lineWidth":1,"lineDashType":"solid","fontStyle":"normal","fontWeight":"normal","type":"polyline","ext":20,"lineDash":[0],"fill":"#fff","lineCenter":[795.75,456],"entryDirection":[1,0],"entryExt":20,"exitDirection":[-1,0],"exitExt":20,"cpx":{"cpx1":793,"cpx2":804,"cpy1":456,"cpy2":456,"x1":773,"y1":456,"x2":824,"y2":456,"points":[[773.5,456.5],[793.5,456.5],[798.5,456.5],[804.5,456.5],[824.5,456.5]],"lineCenter":[795.75,456],"type":"polyline"}},{"id":16069,"fromNode":5456,"endNode":4739,"fromAnch":2,"toAnch":4,"text":"","stroke":"#666","textFill":"#666","lineWidth":1,"lineDashType":"solid","fontStyle":"normal","fontWeight":"normal","type":"polyline","ext":20,"lineDash":[0],"fill":"#fff","lineCenter":[993.5,419.5],"entryDirection":[1,0],"entryExt":20,"exitDirection":[-1,0],"exitExt":20,"cpx":{"cpx1":987,"cpx2":1000,"cpy1":456,"cpy2":383,"x1":967,"y1":456,"x2":1020,"y2":383,"points":[[967.5,456.5],[987.5,456.5],[993.5,456.5],[993.5,383.5],[1000.5,383.5],[1020.5,383.5]],"lineCenter":[993.5,419.5],"type":"polyline"}},{"id":16295,"fromNode":5456,"endNode":7152,"fromAnch":2,"toAnch":4,"text":"","stroke":"#666","textFill":"#666","lineWidth":1,"lineDashType":"solid","fontStyle":"normal","fontWeight":"normal","type":"polyline","ext":20,"lineDash":[0],"fill":"#fff","lineCenter":[993.5,493.5],"entryDirection":[1,0],"entryExt":20,"exitDirection":[-1,0],"exitExt":20,"cpx":{"cpx1":987,"cpx2":1000,"cpy1":456,"cpy2":531,"x1":967,"y1":456,"x2":1020,"y2":531,"points":[[967.5,456.5],[987.5,456.5],[993.5,456.5],[993.5,531.5],[1000.5,531.5],[1020.5,531.5]],"lineCenter":[993.5,493.5],"type":"polyline"}},{"id":16993,"fromNode":4739,"endNode":7868,"fromAnch":2,"toAnch":4,"text":"","stroke":"#666","textFill":"#666","lineWidth":1,"lineDashType":"solid","fontStyle":"normal","fontWeight":"normal","type":"polyline","ext":20,"lineDash":[0],"fill":"#fff","lineCenter":[1202.5,419.5],"entryDirection":[1,0],"entryExt":20,"exitDirection":[-1,0],"exitExt":20,"cpx":{"cpx1":1184,"cpx2":1221,"cpy1":383,"cpy2":456,"x1":1164,"y1":383,"x2":1241,"y2":456,"points":[[1164.5,383.5],[1184.5,383.5],[1202.5,383.5],[1202.5,456.5],[1221.5,456.5],[1241.5,456.5]],"lineCenter":[1202.5,419.5],"type":"polyline"}},{"id":18544,"fromNode":10949,"endNode":10112,"fromAnch":2,"toAnch":4,"text":"","stroke":"#666","textFill":"#666","lineWidth":1,"lineDashType":"solid","fontStyle":"normal","fontWeight":"normal","type":"polyline","ext":20,"lineDash":[0],"fill":"#fff","lineCenter":[1857.5,456.25],"entryDirection":[1,0],"entryExt":20,"exitDirection":[-1,0],"exitExt":20,"cpx":{"cpx1":1830,"cpx2":1885,"cpy1":456,"cpy2":456.5,"x1":1810,"y1":456,"x2":1905,"y2":456.5,"points":[[1810.5,456.5],[1830.5,456.5],[1857.5,456.5],[1857.5,456.5],[1885.5,456.5],[1905.5,456.5]],"lineCenter":[1857.5,456.25],"type":"polyline"}},{"id":27059,"fromNode":3399,"endNode":19939,"fromAnch":2,"toAnch":1,"text":"","stroke":"rgba(208,2,27,1)","textFill":"#666","lineWidth":1,"lineDashType":"dash","fontSize":12,"fontStyle":"normal","fontWeight":"normal","type":"polyline","ext":20,"lineDash":[6,3],"fill":"#fff","lineCenter":[369.5,456],"entryDirection":[1,0],"entryExt":20,"exitDirection":[0,-1],"exitExt":20,"cpx":{"cpx1":362,"cpx2":377,"cpy1":456,"cpy2":578,"x1":342,"y1":456,"x2":377,"y2":598,"points":[[342.5,456.5],[362.5,456.5],[377.5,456.5],[377.5,578.5],[377.5,598.5]],"lineCenter":[369.5,456],"type":"polyline"}},{"id":28361,"fromNode":2568,"endNode":3399,"fromAnch":2,"toAnch":4,"text":"","stroke":"#666","textFill":"#666","lineWidth":1,"lineDashType":"solid","fontStyle":"normal","fontWeight":"normal","type":"polyline","ext":20,"lineDash":[0],"fill":"#fff","lineCenter":[174.5,456],"entryDirection":[1,0],"entryExt":20,"exitDirection":[-1,0],"exitExt":20,"cpx":{"cpx1":168,"cpx2":194,"cpy1":456,"cpy2":456,"x1":148,"y1":456,"x2":214,"y2":456,"points":[[148.5,456.5],[168.5,456.5],[181.5,456.5],[194.5,456.5],[214.5,456.5]],"lineCenter":[174.5,456],"type":"polyline"}},{"id":32211,"fromNode":4361,"endNode":30534,"fromAnch":2,"toAnch":1,"text":"","stroke":"rgba(208,2,27,1)","textFill":"#666","lineWidth":1,"lineDashType":"dash","fontSize":12,"fontStyle":"normal","fontWeight":"normal","type":"polyline","ext":20,"lineDash":[6,3],"fill":"#fff","lineCenter":[575,456],"entryDirection":[1,0],"entryExt":20,"exitDirection":[0,-1],"exitExt":20,"cpx":{"cpx1":570,"cpx2":580,"cpy1":456,"cpy2":578,"x1":550,"y1":456,"x2":580,"y2":598,"points":[[550.5,456.5],[570.5,456.5],[580.5,456.5],[580.5,578.5],[580.5,598.5]],"lineCenter":[575,456],"type":"polyline"}},{"id":33062,"fromNode":3399,"endNode":4361,"fromAnch":2,"toAnch":4,"text":"","stroke":"#666","textFill":"#666","lineWidth":1,"lineDashType":"solid","fontStyle":"normal","fontWeight":"normal","type":"polyline","ext":20,"lineDash":[0],"fill":"#fff","lineCenter":[372,456],"entryDirection":[1,0],"entryExt":20,"exitDirection":[-1,0],"exitExt":20,"cpx":{"cpx1":362,"cpx2":402,"cpy1":456,"cpy2":456,"x1":342,"y1":456,"x2":422,"y2":456,"points":[[342.5,456.5],[362.5,456.5],[382.5,456.5],[402.5,456.5],[422.5,456.5]],"lineCenter":[372,456],"type":"polyline"}},{"id":37671,"fromNode":4886,"endNode":5456,"fromAnch":1,"toAnch":1,"text":"","stroke":"#666","textFill":"#666","lineWidth":1,"lineDashType":"solid","fontSize":12,"fontStyle":"normal","fontWeight":"normal","type":"polyline","ext":40,"lineDash":[0],"fill":"#fff","lineCenter":[750,373],"entryDirection":[0,-1],"entryExt":40,"exitDirection":[0,-1],"exitExt":40,"cpx":{"cpx1":701.5,"cpx2":895.5,"cpy1":373,"cpy2":373,"x1":701.5,"y1":413,"x2":895.5,"y2":413,"points":[[701.5,413.5],[701.5,373.5],[798.5,373.5],[895.5,373.5],[895.5,413.5]],"lineCenter":[750,373],"type":"polyline"}},{"id":40117,"fromNode":4361,"endNode":4886,"fromAnch":2,"toAnch":4,"text":"","stroke":"#666","textFill":"#666","lineWidth":1,"lineDashType":"solid","fontStyle":"normal","fontWeight":"normal","type":"polyline","ext":20,"lineDash":[0],"fill":"#fff","lineCenter":[580,456],"entryDirection":[1,0],"entryExt":20,"exitDirection":[-1,0],"exitExt":20,"cpx":{"cpx1":570,"cpx2":610,"cpy1":456,"cpy2":456,"x1":550,"y1":456,"x2":630,"y2":456,"points":[[550.5,456.5],[570.5,456.5],[590.5,456.5],[610.5,456.5],[630.5,456.5]],"lineCenter":[580,456],"type":"polyline"}},{"id":61160,"fromNode":7868,"endNode":58470,"fromAnch":4,"toAnch":1,"text":"","stroke":"rgba(208,2,27,1)","textFill":"#666","lineWidth":1,"lineDashType":"dash","fontSize":12,"fontStyle":"normal","fontWeight":"normal","type":"polyline","ext":20,"lineDash":[6,3],"fill":"#fff","lineCenter":[1217.5,456],"entryDirection":[-1,0],"entryExt":20,"exitDirection":[0,-1],"exitExt":20,"cpx":{"cpx1":1221,"cpx2":1214,"cpy1":456,"cpy2":578,"x1":1241,"y1":456,"x2":1214,"y2":598,"points":[[1241.5,456.5],[1221.5,456.5],[1214.5,456.5],[1214.5,578.5],[1214.5,598.5]],"lineCenter":[1217.5,456],"type":"polyline"}},{"id":62764,"fromNode":7152,"endNode":7868,"fromAnch":2,"toAnch":4,"text":"","stroke":"#666","textFill":"#666","lineWidth":1,"lineDashType":"solid","fontStyle":"normal","fontWeight":"normal","type":"polyline","ext":20,"lineDash":[0],"fill":"#fff","lineCenter":[1202.5,493.5],"entryDirection":[1,0],"entryExt":20,"exitDirection":[-1,0],"exitExt":20,"cpx":{"cpx1":1184,"cpx2":1221,"cpy1":531,"cpy2":456,"x1":1164,"y1":531,"x2":1241,"y2":456,"points":[[1164.5,531.5],[1184.5,531.5],[1202.5,531.5],[1202.5,456.5],[1221.5,456.5],[1241.5,456.5]],"lineCenter":[1202.5,493.5],"type":"polyline"}},{"id":67367,"fromNode":7868,"endNode":64793,"fromAnch":2,"toAnch":1,"text":"","stroke":"rgba(208,2,27,1)","textFill":"#666","lineWidth":1,"lineDashType":"dash","fontSize":12,"fontStyle":"normal","fontWeight":"normal","type":"polyline","ext":20,"lineDash":[6,3],"fill":"#fff","lineCenter":[1406,456],"entryDirection":[1,0],"entryExt":20,"exitDirection":[0,-1],"exitExt":20,"cpx":{"cpx1":1405,"cpx2":1407,"cpy1":456,"cpy2":579,"x1":1385,"y1":456,"x2":1407,"y2":599,"points":[[1385.5,456.5],[1405.5,456.5],[1407.5,456.5],[1407.5,579.5],[1407.5,599.5]],"lineCenter":[1406,456],"type":"polyline"}},{"id":69308,"fromNode":7868,"endNode":8544,"fromAnch":2,"toAnch":4,"text":"","stroke":"#666","textFill":"#666","lineWidth":1,"lineDashType":"solid","fontStyle":"normal","fontWeight":"normal","type":"polyline","ext":20,"lineDash":[0],"fill":"#fff","lineCenter":[1434.5,456.25],"entryDirection":[1,0],"entryExt":20,"exitDirection":[-1,0],"exitExt":20,"cpx":{"cpx1":1405,"cpx2":1464,"cpy1":456,"cpy2":456.5,"x1":1385,"y1":456,"x2":1484,"y2":456.5,"points":[[1385.5,456.5],[1405.5,456.5],[1434.5,456.5],[1434.5,456.5],[1464.5,456.5],[1484.5,456.5]],"lineCenter":[1434.5,456.25],"type":"polyline"}},{"id":76008,"fromNode":8544,"endNode":71643,"fromAnch":8,"toAnch":4,"text":"当data\n被修改时","stroke":"#666","textFill":"rgba(99,99,99,1)","lineWidth":1,"lineDashType":"dash","fontSize":12,"fontStyle":"normal","fontWeight":"normal","type":"bs","ext":20,"lineDash":[6,3],"fill":"rgba(248,248,248,1)","lineCenter":[864.125,234.81050320636496],"entryDirection":[-1,0],"entryExt":20,"exitDirection":[-1,0],"exitExt":20,"cpx":{"cpx1":1384.25,"cpx2":1404,"cpy1":370.81048583984375,"cpy2":261,"x1":1504.25,"y1":420.81050320636496,"x2":1453,"y2":214,"points":[[909.5,234.5],[889.5,234.5],[839.5,234.5],[839.5,118.5],[859.5,118.5]],"lineCenter":[864.125,234.81050320636496],"type":"bs"}},{"id":76426,"fromNode":71643,"endNode":8544,"fromAnch":2,"toAnch":6,"text":"","stroke":"#666","textFill":"#666","lineWidth":1,"lineDashType":"dash","fontSize":12,"fontStyle":"normal","fontWeight":"normal","type":"bs","ext":20,"lineDash":[6,3],"fill":"#fff","lineCenter":[1031,176.40525160318248],"entryDirection":[1,0],"entryExt":20,"exitDirection":[1,0],"exitExt":20,"cpx":{"cpx1":1657,"cpx2":1661.75,"cpy1":251,"cpy2":391.81048583984375,"x1":1605,"y1":214,"x2":1544.75,"y2":420.81050320636496,"points":[[1011.5,118.5],[1031.5,118.5],[1031.5,234.5],[969.5,234.5],[949.5,234.5]],"lineCenter":[1031,176.40525160318248],"type":"bs"}},{"id":144650,"fromNode":8544,"endNode":143638,"fromAnch":2,"toAnch":1,"text":"","stroke":"rgba(208,2,27,1)","textFill":"#666","lineWidth":1,"lineDashType":"dash","fontSize":12,"fontStyle":"normal","fontWeight":"normal","type":"polyline","ext":20,"lineDash":[6,3],"fill":"#fff","lineCenter":[1598,456.5],"entryDirection":[1,0],"entryExt":20,"exitDirection":[0,-1],"exitExt":20,"cpx":{"cpx1":1585,"cpx2":1611,"cpy1":456.5,"cpy2":579,"x1":1565,"y1":456.5,"x2":1611,"y2":599,"points":[[1565.5,456.5],[1585.5,456.5],[1611.5,456.5],[1611.5,579.5],[1611.5,599.5]],"lineCenter":[1598,456.5],"type":"polyline"}},{"id":145326,"fromNode":8544,"endNode":10949,"fromAnch":2,"toAnch":4,"text":"","stroke":"#666","textFill":"#666","lineWidth":1,"lineDashType":"solid","fontStyle":"normal","fontWeight":"normal","type":"polyline","ext":20,"lineDash":[0],"fill":"#fff","lineCenter":[1611.5,456.25],"entryDirection":[1,0],"entryExt":20,"exitDirection":[-1,0],"exitExt":20,"cpx":{"cpx1":1585,"cpx2":1638,"cpy1":456.5,"cpy2":456,"x1":1565,"y1":456.5,"x2":1658,"y2":456,"points":[[1565.5,456.5],[1585.5,456.5],[1611.5,456.5],[1611.5,456.5],[1638.5,456.5],[1658.5,456.5]],"lineCenter":[1611.5,456.25],"type":"polyline"}},{"id":149142,"fromNode":10112,"endNode":147780,"fromAnch":3,"toAnch":1,"text":"","stroke":"rgba(208,2,27,1)","textFill":"#666","lineWidth":1,"lineDashType":"dash","fontSize":12,"fontStyle":"normal","fontWeight":"normal","type":"polyline","ext":20,"lineDash":[6,3],"fill":"#fff","lineCenter":[1945.25,548],"entryDirection":[0,1],"entryExt":20,"exitDirection":[0,-1],"exitExt":20,"cpx":{"cpx1":1945.5,"cpx2":1945,"cpy1":517,"cpy2":579,"x1":1945.5,"y1":497,"x2":1945,"y2":599,"points":[[1945.5,497.5],[1945.5,517.5],[1945.5,548.5],[1945.5,548.5],[1945.5,579.5],[1945.5,599.5]],"lineCenter":[1945.25,548],"type":"polyline"}}]}