{"id":"3ca7b58c15c62b51","type":"cicadaFlow","node":[{"type":"rect","style":{"fill":"#fef7e7","stroke":"#fedcab","lineWidth":1,"text":"发出转正通知书","textFill":"#333","fontWeight":"bold","fontStyle":"","textPosition":"inside","fontSize":12,"opacity":1,"font":"bold 12px sans-serif","textAlign":null,"shadowColor":"","shadowBlur":0,"transformText":true},"z":200,"command":"rectangle","id":2369,"position":[126.5,607.5],"draggable":true,"shape":{"x":0,"y":0,"width":143,"height":45,"r":[3]}},{"type":"diamond","style":{"fill":"rgb(255, 218, 218)","stroke":"rgb(247, 155, 155)","lineWidth":1,"text":"审批","textFill":"#333","fontWeight":"bold","fontStyle":"","textPosition":"inside","fontSize":12,"font":"bold 12px sans-serif","textAlign":null,"shadowColor":"","shadowBlur":0,"transformText":true},"z":200,"command":"diamond","id":2422,"position":[353.5,404.5],"draggable":true,"shape":{"x":0,"y":0,"width":100,"height":60}},{"type":"rect","style":{"fill":"rgb(231,253,250)","stroke":"rgb(149, 231, 226)","lineWidth":1,"text":"发布新员工办理\n转正手续的通知","textFill":"#333","fontWeight":"bold","fontStyle":"","textPosition":"inside","fontSize":12,"opacity":1,"font":"bold 12px sans-serif","textAlign":null,"shadowColor":"","shadowBlur":0,"transformText":true},"z":200,"command":"rectangle","id":6080,"position":[125.5,280.5],"draggable":true,"shape":{"x":0,"y":0,"width":141,"height":48,"r":[3]}},{"type":"rect","style":{"fill":"#fbfbca","stroke":"#f7f71c","lineWidth":1,"text":"完成《新员工\n转正述职报告》","textFill":"#333","fontWeight":"bold","fontStyle":"","textPosition":"inside","fontSize":12,"opacity":1,"font":"bold 12px sans-serif","textAlign":null,"shadowColor":"","shadowBlur":0,"transformText":true},"z":200,"command":"rectangle","id":14023,"position":[570.5,226.5],"draggable":true,"shape":{"x":0,"y":0,"width":123,"height":49,"r":[3]}},{"type":"rect","style":{"fill":"#f8f0fe","stroke":"#d7bdf4","lineWidth":1,"text":"填写转正审批表","textFill":"#333","fontWeight":"bold","fontStyle":"","textPosition":"inside","fontSize":12,"opacity":1,"font":"bold 12px sans-serif","textAlign":null,"shadowColor":"","shadowBlur":0,"transformText":true},"z":200,"command":"rectangle","id":15408,"position":[844.5,270.5],"draggable":true,"shape":{"x":0,"y":0,"width":127,"height":41,"r":[3]}},{"type":"rect","style":{"fill":"rgb(231,253,250)","stroke":"rgb(149, 231, 226)","lineWidth":1,"text":"提交转正资\n料及申请","textFill":"#333","fontWeight":"bold","fontStyle":"","textPosition":"inside","fontSize":12,"opacity":1,"font":"bold 12px sans-serif","textAlign":null,"shadowColor":"","shadowBlur":0,"transformText":true},"z":200,"command":"rectangle","id":15539,"position":[844.5,478.5],"draggable":true,"shape":{"x":0,"y":0,"width":127,"height":41,"r":[3]}},{"type":"diamond","style":{"fill":"#e7f7fe","stroke":"#b2defe","lineWidth":1,"text":"主管审核","textFill":"#333","fontWeight":"bold","fontStyle":"","textPosition":"inside","fontSize":12,"font":"bold 12px sans-serif","textAlign":null,"shadowColor":"","shadowBlur":0,"transformText":true},"z":200,"command":"diamond","id":25573,"position":[1183.5,315.5],"draggable":true,"shape":{"x":0,"y":0,"width":112,"height":58}},{"type":"diamond","style":{"fill":"#fef7e7","stroke":"#fedcab","lineWidth":1,"text":"总经理审核","textFill":"#333","fontWeight":"bold","fontStyle":"","textPosition":"inside","fontSize":12,"font":"bold 12px sans-serif","textAlign":null,"shadowColor":"","shadowBlur":0,"transformText":true},"z":200,"command":"diamond","id":27115,"position":[1184.5,646.5],"draggable":true,"shape":{"x":0,"y":0,"width":111,"height":61}},{"type":"text","style":{"fill":null,"stroke":null,"lineWidth":1,"text":"新人转正流程","textFill":"#333","fontWeight":"bold","fontStyle":"","textPosition":"inside","fontSize":20,"opacity":1,"font":"bold 20px sans-serif","textAlign":null,"shadowOffsetY":null,"shadowOffsetX":null,"shadowColor":null,"shadowBlur":null,"transformText":true},"z":200,"command":"text","id":82930,"position":[685.5,64.5],"draggable":true,"shape":{"x":0,"y":0,"width":100,"height":40,"r":[3]}}],"group":[{"id":3256,"nodes":[],"topGroup":"","headStyle":{"fill":"rgba(226,248,197,1)","lineWidth":1,"stroke":"rgba(208,2,27,1)","text":"人力资源部","textFill":"#333","lineDash":[4,2],"textPosition":"insideLeft","fontSize":12,"fontStyle":"","fontWeight":"","transformText":true,"font":"12px sans-serif","textAlign":null},"groupStyle":{"fill":"rgba(250,230,230,0.44)","lineWidth":1,"stroke":"rgba(208,2,27,1)","lineDash":[4,2]},"showHead":true},{"id":5546,"nodes":[{"type":"node","node":2422}],"topGroup":3256,"headStyle":{"fill":"rgba(208,2,27,0.2)","lineWidth":1,"stroke":"rgba(65,117,5,1)","text":"人力资源经理","textFill":"#333","lineDash":[4,2],"textPosition":"insideLeft","fontSize":12,"fontStyle":"","fontWeight":"","transformText":true,"font":"12px sans-serif","textAlign":null},"groupStyle":{"fill":"rgba(126,211,33,0.13)","lineWidth":1,"stroke":"rgba(65,117,5,1)","lineDash":[4,2]},"showHead":true},{"id":7413,"nodes":[{"type":"node","node":6080},{"type":"node","node":2369}],"topGroup":3256,"headStyle":{"fill":"rgba(255,224,224,1)","lineWidth":1,"stroke":"#ccc","text":"招聘专员","textFill":"#333","lineDash":[4,2],"textPosition":"inside","fontSize":12,"fontStyle":"","fontWeight":"","transformText":true,"font":"12px sans-serif","textAlign":null},"groupStyle":{"fill":"rgba(248,231,28,0.12)","lineWidth":1,"stroke":"#ccc","lineDash":[4,2]},"showHead":true},{"id":14371,"nodes":[{"type":"node","node":14023}],"topGroup":"","headStyle":{"fill":"rgba(245,166,35,0.32)","lineWidth":1,"stroke":"rgba(226,121,121,1)","text":"新员工","textFill":"#333","lineDash":[4,2],"textPosition":"insideLeft","fontSize":12,"fontStyle":"","fontWeight":"","transformText":true,"font":"12px sans-serif","textAlign":null},"groupStyle":{"fill":"rgba(246,208,208,1)","lineWidth":1,"stroke":"rgba(226,121,121,1)","lineDash":[4,2]},"showHead":true},{"id":15693,"nodes":[{"type":"node","node":15408},{"type":"node","node":15539}],"topGroup":"","headStyle":{"fill":"rgba(208,2,27,0.25)","lineWidth":1,"stroke":"rgba(245,166,35,1)","text":"用人部门经理","textFill":"#333","lineDash":[4,2],"textPosition":"insideLeft","fontSize":12,"fontStyle":"","fontWeight":"","transformText":true,"font":"12px sans-serif","textAlign":null},"groupStyle":{"fill":"rgba(126,211,33,0.14)","lineWidth":1,"stroke":"rgba(245,166,35,1)","lineDash":[4,2]},"showHead":true},{"id":24305,"nodes":[{"type":"node","node":25573},{"type":"node","node":27115}],"topGroup":"","headStyle":{"fill":"rgba(248,231,28,0.29)","lineWidth":1,"stroke":"#ccc","text":"总经理/主管","textFill":"#333","lineDash":[4,2],"textPosition":"insideLeft","fontSize":12,"fontStyle":"","fontWeight":"","transformText":true,"font":"12px sans-serif","textAlign":null},"groupStyle":{"fill":"rgba(126,211,33,0.25)","lineWidth":1,"stroke":"#ccc","lineDash":[4,2]},"showHead":true}],"edge":[{"id":34857,"fromNode":6080,"endNode":14023,"fromAnch":2,"toAnch":4,"text":"","stroke":"rgba(245,166,35,1)","textFill":"#666","lineWidth":1,"lineDashType":"solid","fontSize":12,"fontStyle":"normal","fontWeight":"normal","type":"polyline","ext":20,"lineDash":[0],"fill":"#fff","lineCenter":[418.5,277.75],"entryDirection":[1,0],"entryExt":20,"exitDirection":[-1,0],"exitExt":20,"cpx":{"cpx1":287,"cpx2":550,"cpy1":304.5,"cpy2":251,"x1":267,"y1":304.5,"x2":570,"y2":251,"points":[[267.5,304.5],[287.5,304.5],[418.5,304.5],[418.5,251.5],[550.5,251.5],[570.5,251.5]],"lineCenter":[418.5,277.75],"type":"polyline"}},{"id":35866,"fromNode":14023,"endNode":15408,"fromAnch":2,"toAnch":4,"text":"转正沟通","stroke":"rgba(65,117,5,1)","textFill":"rgba(65,117,5,1)","lineWidth":1,"lineDashType":"solid","fontSize":12,"fontStyle":"normal","fontWeight":"bold","type":"polyline","ext":20,"lineDash":[0],"fill":"#fff","lineCenter":[769,271],"entryDirection":[1,0],"entryExt":20,"exitDirection":[-1,0],"exitExt":20,"cpx":{"cpx1":714,"cpx2":824,"cpy1":251,"cpy2":291,"x1":694,"y1":251,"x2":844,"y2":291,"points":[[694.5,251.5],[714.5,251.5],[769.5,251.5],[769.5,291.5],[824.5,291.5],[844.5,291.5]],"lineCenter":[769,271],"type":"polyline"}},{"id":41385,"fromNode":15408,"endNode":24305,"fromAnch":2,"toAnch":10,"text":"","stroke":"rgba(189,16,224,1)","textFill":"#666","lineWidth":1,"lineDashType":"solid","fontSize":12,"fontStyle":"normal","fontWeight":"normal","type":"polyline","ext":20,"lineDash":[0],"fill":"#fff","lineCenter":[1067.5,338.125],"entryDirection":[1,0],"entryExt":20,"exitDirection":[-1,0],"exitExt":20,"cpx":{"cpx1":992,"cpx2":1143,"cpy1":291,"cpy2":385.25,"x1":972,"y1":291,"x2":1163,"y2":385.25,"points":[[972.5,291.5],[992.5,291.5],[1067.5,291.5],[1067.5,385.5],[1143.5,385.5],[1163.5,385.5]],"lineCenter":[1067.5,338.125],"type":"polyline"}},{"id":42694,"fromNode":25573,"endNode":15539,"fromAnch":3,"toAnch":1,"text":"通过","stroke":"rgba(248,231,28,1)","textFill":"#666","lineWidth":1,"lineDashType":"solid","fontSize":12,"fontStyle":"normal","fontWeight":"bold","type":"polyline","ext":20,"lineDash":[0],"fill":"rgba(248,231,28,1)","lineCenter":[1073.75,426],"entryDirection":[0,1],"entryExt":20,"exitDirection":[0,-1],"exitExt":20,"cpx":{"cpx1":1239.5,"cpx2":908,"cpy1":394,"cpy2":458,"x1":1239.5,"y1":374,"x2":908,"y2":478,"points":[[1239.5,374.5],[1239.5,394.5],[1239.5,426.5],[908.5,426.5],[908.5,458.5],[908.5,478.5]],"lineCenter":[1073.75,426],"type":"polyline"}},{"id":46070,"fromNode":15539,"endNode":27115,"fromAnch":2,"toAnch":4,"text":"经理及以\n上职位","stroke":"rgba(189,16,224,1)","textFill":"rgba(246,246,246,1)","lineWidth":1,"lineDashType":"solid","fontSize":12,"fontStyle":"normal","fontWeight":"bold","type":"polyline","ext":20,"lineDash":[0],"fill":"rgba(189,16,224,1)","lineCenter":[1078,588],"entryDirection":[1,0],"entryExt":20,"exitDirection":[-1,0],"exitExt":20,"cpx":{"cpx1":992,"cpx2":1164,"cpy1":499,"cpy2":677,"x1":972,"y1":499,"x2":1184,"y2":677,"points":[[972.5,499.5],[992.5,499.5],[1078.5,499.5],[1078.5,677.5],[1164.5,677.5],[1184.5,677.5]],"lineCenter":[1078,588],"type":"polyline"}},{"id":46670,"fromNode":15539,"endNode":2422,"fromAnch":4,"toAnch":2,"text":"普通\n职工","stroke":"rgba(80,227,194,1)","textFill":"rgba(252,252,252,1)","lineWidth":1,"lineDashType":"solid","fontSize":12,"fontStyle":"normal","fontWeight":"bold","type":"polyline","ext":20,"lineDash":[0],"fill":"rgba(80,227,194,1)","lineCenter":[649,466.75],"entryDirection":[-1,0],"entryExt":20,"exitDirection":[1,0],"exitExt":20,"cpx":{"cpx1":824,"cpx2":474,"cpy1":499,"cpy2":434.5,"x1":844,"y1":499,"x2":454,"y2":434.5,"points":[[844.5,499.5],[824.5,499.5],[649.5,499.5],[649.5,434.5],[474.5,434.5],[454.5,434.5]],"lineCenter":[649,466.75],"type":"polyline"}},{"id":60260,"fromNode":2422,"endNode":2369,"fromAnch":3,"toAnch":1,"text":"通过","stroke":"#666","textFill":"#666","lineWidth":1,"lineDashType":"solid","fontSize":12,"fontStyle":"normal","fontWeight":"bold","type":"polyline","ext":20,"lineDash":[0],"fill":"#fff","lineCenter":[300.75,536],"entryDirection":[0,1],"entryExt":20,"exitDirection":[0,-1],"exitExt":20,"cpx":{"cpx1":403.5,"cpx2":198,"cpy1":485,"cpy2":587,"x1":403.5,"y1":465,"x2":198,"y2":607,"points":[[403.5,465.5],[403.5,485.5],[403.5,536.5],[198.5,536.5],[198.5,587.5],[198.5,607.5]],"lineCenter":[300.75,536],"type":"polyline"}},{"id":61693,"fromNode":27115,"endNode":2369,"fromAnch":3,"toAnch":2,"text":"通过","stroke":"rgba(139,87,42,1)","textFill":"#666","lineWidth":1,"lineDashType":"solid","fontSize":12,"fontStyle":"normal","fontWeight":"bold","type":"polyline","ext":20,"lineDash":[0],"fill":"#fff","lineCenter":[765,679],"entryDirection":[0,1],"entryExt":20,"exitDirection":[1,0],"exitExt":20,"cpx":{"cpx1":1240,"cpx2":290,"cpy1":728,"cpy2":630,"x1":1240,"y1":708,"x2":270,"y2":630,"points":[[1240.5,708.5],[1240.5,728.5],[765.5,728.5],[765.5,630.5],[290.5,630.5],[270.5,630.5]],"lineCenter":[765,679],"type":"polyline"}}]}