{"id":"4a1d61c1b4dd1bf2","type":"cicadaFlow","node":[{"type":"aroundRect","style":{"fill":"rgba(0,0,0,1)","stroke":"#333","lineWidth":1,"text":"进入网站","textFill":"rgb(250,250,250)","fontWeight":"normal","fontStyle":"","textPosition":"inside","fontSize":14,"opacity":1,"font":"normal 14px sans-serif","textAlign":null,"shadowColor":"","shadowBlur":0},"z":200,"command":"roundRect","id":2345,"position":[520.5,52.5],"draggable":true,"shape":{"x":0,"y":0,"width":125,"height":49,"r":125}},{"type":"rect","style":{"fill":"#fff","stroke":"#333","lineWidth":1,"text":"选择菜品","textFill":"#333","fontWeight":"normal","fontStyle":"","textPosition":"inside","fontSize":14,"opacity":1,"font":"normal 14px sans-serif","textAlign":null,"shadowColor":"","shadowBlur":0},"z":200,"command":"rectangle","id":2796,"position":[523.5,170.5],"draggable":true,"shape":{"x":0,"y":0,"width":120,"height":40,"r":[3]}},{"type":"rect","style":{"fill":"#fff","stroke":"#333","lineWidth":1,"text":"加入购物车","textFill":"#333","fontWeight":"normal","fontStyle":"","textPosition":"inside","fontSize":14,"opacity":1,"font":"normal 14px sans-serif","textAlign":null,"shadowColor":"","shadowBlur":0,"transformText":true},"z":200,"command":"rectangle","id":5249,"position":[523.5,251.5],"draggable":true,"shape":{"x":0,"y":0,"width":120,"height":40,"r":[3]}},{"type":"rect","style":{"fill":"#fff","stroke":"#333","lineWidth":1,"text":"确认购买","textFill":"#333","fontWeight":"normal","fontStyle":"","textPosition":"inside","fontSize":14,"opacity":1,"font":"normal 14px sans-serif","textAlign":null,"shadowColor":"","shadowBlur":0,"transformText":true},"z":200,"command":"rectangle","id":5794,"position":[523.5,335.5],"draggable":true,"shape":{"x":0,"y":0,"width":120,"height":40,"r":[3]}},{"type":"rect","style":{"fill":"#fff","stroke":"#333","lineWidth":1,"text":"注册/登录","textFill":"#333","fontWeight":"normal","fontStyle":"","textPosition":"inside","fontSize":14,"opacity":1,"font":"normal 14px sans-serif","textAlign":null,"shadowColor":"","shadowBlur":0,"transformText":true},"z":200,"command":"rectangle","id":6661,"position":[732.5,436.5],"draggable":true,"shape":{"x":0,"y":0,"width":120,"height":40,"r":[3]}},{"type":"diamond","style":{"fill":"rgba(0,0,0,1)","stroke":"rgb(0,0,0)","lineWidth":1,"text":"是否登录","textFill":"rgb(250,250,250)","fontWeight":"normal","fontStyle":"","textPosition":"inside","fontSize":14,"font":"normal 14px sans-serif","textAlign":null,"shadowColor":"","shadowBlur":0},"z":200,"command":"diamond","id":7015,"position":[522.5,424.5],"draggable":true,"shape":{"x":0,"y":0,"width":122,"height":63}},{"type":"rect","style":{"fill":"#fff","stroke":"#333","lineWidth":1,"text":"填写收货信息","textFill":"#333","fontWeight":"normal","fontStyle":"","textPosition":"inside","fontSize":14,"opacity":1,"font":"normal 14px sans-serif","textAlign":null,"shadowColor":"","shadowBlur":0,"transformText":true},"z":200,"command":"rectangle","id":10176,"position":[523.5,551.5],"draggable":true,"shape":{"x":0,"y":0,"width":120,"height":40,"r":[3]}},{"type":"diamond","style":{"fill":"rgba(0,0,0,1)","stroke":"rgb(0,0,0)","lineWidth":1,"text":"是否支付","textFill":"rgb(250,250,250)","fontWeight":"normal","fontStyle":"","textPosition":"inside","fontSize":14,"font":"normal 14px sans-serif","textAlign":null,"shadowColor":"","shadowBlur":0,"transformText":true},"z":200,"command":"diamond","id":14045,"position":[522.5,701.5],"draggable":true,"shape":{"x":0,"y":0,"width":122,"height":63}},{"type":"rect","style":{"fill":"#fff","stroke":"#333","lineWidth":1,"text":"提交订单","textFill":"#333","fontWeight":"normal","fontStyle":"","textPosition":"inside","fontSize":14,"opacity":1,"font":"normal 14px sans-serif","textAlign":null,"shadowColor":"","shadowBlur":0,"transformText":true},"z":200,"command":"rectangle","id":14341,"position":[523.5,627.5],"draggable":true,"shape":{"x":0,"y":0,"width":120,"height":40,"r":[3]}},{"type":"rect","style":{"fill":"#fff","stroke":"#333","lineWidth":1,"text":"生成订单","textFill":"#333","fontWeight":"normal","fontStyle":"","textPosition":"inside","fontSize":14,"opacity":1,"font":"normal 14px sans-serif","textAlign":null,"shadowColor":"","shadowBlur":0,"transformText":true},"z":200,"command":"rectangle","id":17342,"position":[523.5,810.5],"draggable":true,"shape":{"x":0,"y":0,"width":120,"height":40,"r":[3]}},{"type":"rect","style":{"fill":"#fff","stroke":"#333","lineWidth":1,"text":"取消订单","textFill":"#333","fontWeight":"normal","fontStyle":"","textPosition":"inside","fontSize":14,"opacity":1,"font":"normal 14px sans-serif","textAlign":null,"shadowColor":"","shadowBlur":0,"transformText":true},"z":200,"command":"rectangle","id":17894,"position":[735.5,713.5],"draggable":true,"shape":{"x":0,"y":0,"width":120,"height":40,"r":[3]}}],"group":[],"edge":[{"id":3173,"fromNode":2345,"endNode":2796,"fromAnch":3,"toAnch":1,"text":"","stroke":"#666","textFill":"#666","lineWidth":1,"lineDashType":"solid","fontStyle":"normal","fontWeight":"normal","type":"polyline","ext":20,"lineDash":[0],"fill":"#fff","lineCenter":[583.25,136],"entryDirection":[0,1],"entryExt":20,"exitDirection":[0,-1],"exitExt":20,"cpx":{"cpx1":583,"cpx2":583.5,"cpy1":122,"cpy2":150,"x1":583,"y1":102,"x2":583.5,"y2":170,"points":[[583.5,102.5],[583.5,122.5],[583.5,136.5],[583.5,136.5],[583.5,150.5],[583.5,170.5]],"lineCenter":[583.25,136],"type":"polyline"}},{"id":8887,"fromNode":2796,"endNode":5249,"fromAnch":3,"toAnch":1,"text":"","stroke":"#666","textFill":"#666","lineWidth":1,"lineDashType":"solid","fontStyle":"normal","fontWeight":"normal","type":"polyline","ext":20,"lineDash":[0],"fill":"#fff","lineCenter":[583.5,221],"entryDirection":[0,1],"entryExt":20,"exitDirection":[0,-1],"exitExt":20,"cpx":{"cpx1":583.5,"cpx2":583.5,"cpy1":231,"cpy2":231,"x1":583.5,"y1":211,"x2":583.5,"y2":251,"points":[[583.5,211.5],[583.5,231.5],[583.5,251.5]],"lineCenter":[583.5,221],"type":"polyline"}},{"id":9009,"fromNode":5249,"endNode":5794,"fromAnch":3,"toAnch":1,"text":"","stroke":"#666","textFill":"#666","lineWidth":1,"lineDashType":"solid","fontStyle":"normal","fontWeight":"normal","type":"polyline","ext":20,"lineDash":[0],"fill":"#fff","lineCenter":[583.5,312.75],"entryDirection":[0,1],"entryExt":20,"exitDirection":[0,-1],"exitExt":20,"cpx":{"cpx1":583.5,"cpx2":583.5,"cpy1":312,"cpy2":315,"x1":583.5,"y1":292,"x2":583.5,"y2":335,"points":[[583.5,292.5],[583.5,312.5],[583.5,313.5],[583.5,315.5],[583.5,335.5]],"lineCenter":[583.5,312.75],"type":"polyline"}},{"id":9120,"fromNode":5794,"endNode":7015,"fromAnch":3,"toAnch":1,"text":"","stroke":"#666","textFill":"#666","lineWidth":1,"lineDashType":"solid","fontStyle":"normal","fontWeight":"normal","type":"polyline","ext":20,"lineDash":[0],"fill":"#fff","lineCenter":[583.5,398],"entryDirection":[0,1],"entryExt":20,"exitDirection":[0,-1],"exitExt":20,"cpx":{"cpx1":583.5,"cpx2":583.5,"cpy1":396,"cpy2":404,"x1":583.5,"y1":376,"x2":583.5,"y2":424,"points":[[583.5,376.5],[583.5,396.5],[583.5,400.5],[583.5,404.5],[583.5,424.5]],"lineCenter":[583.5,398],"type":"polyline"}},{"id":9658,"fromNode":7015,"endNode":6661,"fromAnch":2,"toAnch":4,"text":"否","stroke":"#666","textFill":"#666","lineWidth":1,"lineDashType":"solid","fontSize":12,"fontStyle":"normal","fontWeight":"normal","type":"polyline","ext":20,"lineDash":[0],"fill":"#fff","lineCenter":[688.5,456.25],"entryDirection":[1,0],"entryExt":20,"exitDirection":[-1,0],"exitExt":20,"cpx":{"cpx1":665,"cpx2":712,"cpy1":456,"cpy2":456.5,"x1":645,"y1":456,"x2":732,"y2":456.5,"points":[[645.5,456.5],[665.5,456.5],[688.5,456.5],[688.5,456.5],[712.5,456.5],[732.5,456.5]],"lineCenter":[688.5,456.25],"type":"polyline"}},{"id":10704,"fromNode":7015,"endNode":10176,"fromAnch":3,"toAnch":1,"text":"是","stroke":"#666","textFill":"#666","lineWidth":1,"lineDashType":"solid","fontSize":12,"fontStyle":"normal","fontWeight":"normal","type":"polyline","ext":20,"lineDash":[0],"fill":"#fff","lineCenter":[583.5,513.75],"entryDirection":[0,1],"entryExt":20,"exitDirection":[0,-1],"exitExt":20,"cpx":{"cpx1":583.5,"cpx2":583.5,"cpy1":508,"cpy2":531,"x1":583.5,"y1":488,"x2":583.5,"y2":551,"points":[[583.5,488.5],[583.5,508.5],[583.5,519.5],[583.5,531.5],[583.5,551.5]],"lineCenter":[583.5,513.75],"type":"polyline"}},{"id":13119,"fromNode":6661,"endNode":10176,"fromAnch":3,"toAnch":2,"text":"","stroke":"#666","textFill":"#666","lineWidth":1,"lineDashType":"solid","fontStyle":"normal","fontWeight":"normal","type":"polyline","ext":20,"lineDash":[0],"fill":"#fff","lineCenter":[792.5,534.25],"entryDirection":[0,1],"entryExt":20,"exitDirection":[1,0],"exitExt":20,"cpx":{"cpx1":792.5,"cpx2":664,"cpy1":497,"cpy2":571.5,"x1":792.5,"y1":477,"x2":644,"y2":571.5,"points":[[792.5,477.5],[792.5,497.5],[792.5,571.5],[664.5,571.5],[644.5,571.5]],"lineCenter":[792.5,534.25],"type":"polyline"}},{"id":15290,"fromNode":10176,"endNode":14341,"fromAnch":3,"toAnch":1,"text":"","stroke":"#666","textFill":"#666","lineWidth":1,"lineDashType":"solid","fontStyle":"normal","fontWeight":"normal","type":"polyline","ext":20,"lineDash":[0],"fill":"#fff","lineCenter":[583.5,610.75],"entryDirection":[0,1],"entryExt":20,"exitDirection":[0,-1],"exitExt":20,"cpx":{"cpx1":583.5,"cpx2":583.5,"cpy1":612,"cpy2":607,"x1":583.5,"y1":592,"x2":583.5,"y2":627,"points":[[583.5,592.5],[583.5,612.5],[583.5,609.5],[583.5,607.5],[583.5,627.5]],"lineCenter":[583.5,610.75],"type":"polyline"}},{"id":15442,"fromNode":14341,"endNode":14045,"fromAnch":3,"toAnch":1,"text":"","stroke":"#666","textFill":"#666","lineWidth":1,"lineDashType":"solid","fontStyle":"normal","fontWeight":"normal","type":"polyline","ext":20,"lineDash":[0],"fill":"#fff","lineCenter":[583.5,686.25],"entryDirection":[0,1],"entryExt":20,"exitDirection":[0,-1],"exitExt":20,"cpx":{"cpx1":583.5,"cpx2":583.5,"cpy1":688,"cpy2":681,"x1":583.5,"y1":668,"x2":583.5,"y2":701,"points":[[583.5,668.5],[583.5,688.5],[583.5,684.5],[583.5,681.5],[583.5,701.5]],"lineCenter":[583.5,686.25],"type":"polyline"}},{"id":18461,"fromNode":14045,"endNode":17342,"fromAnch":3,"toAnch":1,"text":"","stroke":"#666","textFill":"#666","lineWidth":1,"lineDashType":"solid","fontStyle":"normal","fontWeight":"normal","type":"polyline","ext":20,"lineDash":[0],"fill":"#fff","lineCenter":[583.5,786.25],"entryDirection":[0,1],"entryExt":20,"exitDirection":[0,-1],"exitExt":20,"cpx":{"cpx1":583.5,"cpx2":583.5,"cpy1":785,"cpy2":790,"x1":583.5,"y1":765,"x2":583.5,"y2":810,"points":[[583.5,765.5],[583.5,785.5],[583.5,787.5],[583.5,790.5],[583.5,810.5]],"lineCenter":[583.5,786.25],"type":"polyline"}},{"id":18656,"fromNode":14045,"endNode":17894,"fromAnch":2,"toAnch":4,"text":"","stroke":"#666","textFill":"#666","lineWidth":1,"lineDashType":"solid","fontStyle":"normal","fontWeight":"normal","type":"polyline","ext":20,"lineDash":[0],"fill":"#fff","lineCenter":[690,733.25],"entryDirection":[1,0],"entryExt":20,"exitDirection":[-1,0],"exitExt":20,"cpx":{"cpx1":665,"cpx2":715,"cpy1":733,"cpy2":733.5,"x1":645,"y1":733,"x2":735,"y2":733.5,"points":[[645.5,733.5],[665.5,733.5],[690.5,733.5],[690.5,733.5],[715.5,733.5],[735.5,733.5]],"lineCenter":[690,733.25],"type":"polyline"}}]}