{"id":"17124d8a91607d23","type":"cicadaFlow","node":[{"type":"ellipse","style":{"fill":"rgb(231,253,250)","stroke":"rgb(149, 231, 226)","lineWidth":1,"text":"开始注册","textFill":"#333","fontWeight":"normal","fontStyle":"","textPosition":"inside","fontSize":12,"font":"normal 12px sans-serif","textAlign":null,"shadowColor":"","shadowBlur":0,"transformText":true},"z":200,"command":"circular","id":2366,"position":[897.5,-166.5],"draggable":true,"shape":{"cx":0,"cy":0,"rx":40,"ry":40}},{"type":"rect","style":{"fill":"#e7f7fe","stroke":"#b2defe","lineWidth":1,"text":"填写用户名\n与密码","textFill":"#333","fontWeight":"normal","fontStyle":"","textPosition":"inside","fontSize":12,"opacity":1,"font":"normal 12px sans-serif","textAlign":null,"shadowColor":"","shadowBlur":0,"transformText":true},"z":200,"command":"rectangle","id":2737,"position":[847.5,-89.5],"draggable":true,"shape":{"x":0,"y":0,"width":100,"height":40,"r":[3]}},{"type":"diamond","style":{"fill":"#fef7e7","stroke":"#fedcab","lineWidth":1,"text":"验证账号\n密码","textFill":"#333","fontWeight":"normal","fontStyle":"","textPosition":"inside","fontSize":12,"font":"normal 12px sans-serif","textAlign":null,"shadowColor":"","shadowBlur":0,"transformText":true},"z":200,"command":"diamond","id":3555,"position":[844.5,1.5],"draggable":true,"shape":{"x":0,"y":0,"width":105,"height":67}},{"type":"rect","style":{"fill":"#e7f7fe","stroke":"#b2defe","lineWidth":1,"text":"验证账号信息","textFill":"#333","fontWeight":"normal","fontStyle":"","textPosition":"inside","fontSize":12,"opacity":1,"font":"normal 12px sans-serif","textAlign":null,"shadowColor":"","shadowBlur":0,"transformText":true},"z":200,"command":"rectangle","id":4217,"position":[847.5,118.5],"draggable":true,"shape":{"x":0,"y":0,"width":100,"height":40,"r":[3]}},{"type":"parallelModel","style":{"fill":"#fff","stroke":"#333","lineWidth":1,"text":"","textFill":"#333","fontWeight":"normal","fontStyle":"","textPosition":"inside","fontSize":12,"font":"normal 12px sans-serif","textAlign":null,"shadowColor":"","shadowBlur":0,"transformText":true},"z":200,"command":"parallelModel","id":5115,"position":[849.5,187.5],"draggable":true,"shape":{"x":0,"y":0,"width":100,"height":30}},{"type":"rect","style":{"fill":"#e7f7fe","stroke":"#b2defe","lineWidth":1,"text":"填写邮箱","textFill":"#333","fontWeight":"normal","fontStyle":"","textPosition":"inside","fontSize":12,"opacity":1,"font":"normal 12px sans-serif","textAlign":null,"shadowColor":"","shadowBlur":0,"transformText":true},"z":200,"command":"rectangle","id":6433,"position":[738.5,288.5],"draggable":true,"shape":{"x":0,"y":0,"width":100,"height":40,"r":[3]}},{"type":"rect","style":{"fill":"#e7f7fe","stroke":"#b2defe","lineWidth":1,"text":"填写手机","textFill":"#333","fontWeight":"normal","fontStyle":"","textPosition":"inside","fontSize":12,"opacity":1,"font":"normal 12px sans-serif","textAlign":null,"shadowColor":"","shadowBlur":0,"transformText":true},"z":200,"command":"rectangle","id":6574,"position":[982.5,289.5],"draggable":true,"shape":{"x":0,"y":0,"width":100,"height":40,"r":[3]}},{"type":"diamond","style":{"fill":"#fef7e7","stroke":"#fedcab","lineWidth":1,"text":"验证邮箱","textFill":"#333","fontWeight":"normal","fontStyle":"","textPosition":"inside","fontSize":12,"font":"normal 12px sans-serif","textAlign":null,"shadowColor":"","shadowBlur":0,"transformText":true},"z":200,"command":"diamond","id":8887,"position":[735.5,384.5],"draggable":true,"shape":{"x":0,"y":0,"width":105,"height":67}},{"type":"rect","style":{"fill":"#e7f7fe","stroke":"#b2defe","lineWidth":1,"text":"发送验证码","textFill":"#333","fontWeight":"normal","fontStyle":"","textPosition":"inside","fontSize":12,"opacity":1,"font":"normal 12px sans-serif","textAlign":null,"shadowColor":"","shadowBlur":0,"transformText":true},"z":200,"command":"rectangle","id":10058,"position":[982.5,389.5],"draggable":true,"shape":{"x":0,"y":0,"width":100,"height":40,"r":[3]}},{"type":"diamond","style":{"fill":"#fef7e7","stroke":"#fedcab","lineWidth":1,"text":"是否收到","textFill":"#333","fontWeight":"normal","fontStyle":"","textPosition":"inside","fontSize":12,"font":"normal 12px sans-serif","textAlign":null,"shadowColor":"","shadowBlur":0,"transformText":true},"z":200,"command":"diamond","id":12052,"position":[979.5,487.5],"draggable":true,"shape":{"x":0,"y":0,"width":105,"height":67}},{"type":"rect","style":{"fill":"#e7f7fe","stroke":"#b2defe","lineWidth":1,"text":"更改手机","textFill":"#333","fontWeight":"normal","fontStyle":"","textPosition":"inside","fontSize":12,"opacity":1,"font":"normal 12px sans-serif","textAlign":null,"shadowColor":"","shadowBlur":0,"transformText":true},"z":200,"command":"rectangle","id":14042,"position":[1244.5,501.5],"draggable":true,"shape":{"x":0,"y":0,"width":100,"height":40,"r":[3]}},{"type":"rect","style":{"fill":"#e7f7fe","stroke":"#b2defe","lineWidth":1,"text":"重新发送验证码","textFill":"#333","fontWeight":"normal","fontStyle":"","textPosition":"inside","fontSize":12,"opacity":1,"font":"normal 12px sans-serif","textAlign":null,"shadowColor":"","shadowBlur":0,"transformText":true},"z":200,"command":"rectangle","id":14214,"position":[1161.5,430.5],"draggable":true,"shape":{"x":0,"y":0,"width":100,"height":40,"r":[3]}},{"type":"rect","style":{"fill":"#e7f7fe","stroke":"#b2defe","lineWidth":1,"text":"输入验证码","textFill":"#333","fontWeight":"normal","fontStyle":"","textPosition":"inside","fontSize":12,"opacity":1,"font":"normal 12px sans-serif","textAlign":null,"shadowColor":"","shadowBlur":0,"transformText":true},"z":200,"command":"rectangle","id":19132,"position":[982.5,607.5],"draggable":true,"shape":{"x":0,"y":0,"width":100,"height":40,"r":[3]}},{"type":"diamond","style":{"fill":"#fef7e7","stroke":"#fedcab","lineWidth":1,"text":"验证码正确","textFill":"#333","fontWeight":"normal","fontStyle":"","textPosition":"inside","fontSize":12,"font":"normal 12px sans-serif","textAlign":null,"shadowColor":"","shadowBlur":0,"transformText":true},"z":200,"command":"diamond","id":20337,"position":[979.5,704.5],"draggable":true,"shape":{"x":0,"y":0,"width":105,"height":67}},{"type":"ellipse","style":{"fill":"#de5b6d","stroke":"rgb(243,44,44)","lineWidth":1,"text":"完成注册","textFill":"#333","fontWeight":"normal","fontStyle":"","textPosition":"inside","fontSize":12,"font":"normal 12px sans-serif","textAlign":null,"shadowColor":"","shadowBlur":0,"transformText":true},"z":200,"command":"circular","id":21456,"position":[1032.5,865.5],"draggable":true,"shape":{"cx":0,"cy":0,"rx":40,"ry":40}},{"type":"rect","style":{"fill":"rgba(253,253,253,1)","stroke":"rgb(2,2,2)","lineWidth":1,"text":"弹框：手机\n验证流程","textFill":"#333","fontWeight":"normal","fontStyle":"","textPosition":"inside","fontSize":12,"opacity":1,"font":"normal 12px sans-serif","textAlign":null,"shadowColor":"","shadowBlur":0,"transformText":true},"z":200,"command":"rectangle","id":23318,"position":[738.5,509.5],"draggable":true,"shape":{"x":0,"y":0,"width":100,"height":40,"r":[3]}},{"type":"rect","style":{"fill":"#e7f7fe","stroke":"#b2defe","lineWidth":1,"text":"登录邮箱激活","textFill":"#333","fontWeight":"normal","fontStyle":"","textPosition":"inside","fontSize":12,"opacity":1,"font":"normal 12px sans-serif","textAlign":null,"shadowColor":"","shadowBlur":0,"transformText":true},"z":200,"command":"rectangle","id":25414,"position":[738.5,602.5],"draggable":true,"shape":{"x":0,"y":0,"width":100,"height":40,"r":[3]}},{"type":"diamond","style":{"fill":"#fef7e7","stroke":"#fedcab","lineWidth":1,"text":"是否收到\n确认邮件","textFill":"#333","fontWeight":"normal","fontStyle":"","textPosition":"inside","fontSize":12,"font":"normal 12px sans-serif","textAlign":null,"shadowColor":"","shadowBlur":0,"transformText":true},"z":200,"command":"diamond","id":27256,"position":[735.5,694.5],"draggable":true,"shape":{"x":0,"y":0,"width":105,"height":67}},{"type":"rect","style":{"fill":"#e7f7fe","stroke":"#b2defe","lineWidth":1,"text":"重新发送","textFill":"#333","fontWeight":"normal","fontStyle":"","textPosition":"inside","fontSize":12,"opacity":1,"font":"normal 12px sans-serif","textAlign":null,"shadowColor":"","shadowBlur":0,"transformText":true},"z":200,"command":"rectangle","id":28703,"position":[541.5,708.5],"draggable":true,"shape":{"x":0,"y":0,"width":100,"height":40,"r":[3]}},{"type":"rect","style":{"fill":"#e7f7fe","stroke":"#b2defe","lineWidth":1,"text":"点击链接","textFill":"#333","fontWeight":"normal","fontStyle":"","textPosition":"inside","fontSize":12,"opacity":1,"font":"normal 12px sans-serif","textAlign":null,"shadowColor":"","shadowBlur":0,"transformText":true},"z":200,"command":"rectangle","id":29487,"position":[738.5,845.5],"draggable":true,"shape":{"x":0,"y":0,"width":100,"height":40,"r":[3]}},{"type":"text","style":{"fill":null,"stroke":null,"lineWidth":1,"text":"注册流程","textFill":"#333","fontWeight":"bold","fontStyle":"","textPosition":"inside","fontSize":18,"opacity":1,"font":"bold 18px sans-serif","textAlign":null,"shadowOffsetY":null,"shadowOffsetX":null,"shadowColor":null,"shadowBlur":null,"transformText":true},"z":200,"command":"text","id":116561,"position":[866.5,-264.5],"draggable":true,"shape":{"x":0,"y":0,"width":100,"height":40,"r":[3]}}],"group":[],"edge":[{"id":5446,"fromNode":2366,"endNode":2737,"fromAnch":3,"toAnch":1,"text":"","stroke":"#666","textFill":"#666","lineWidth":1,"lineDashType":"solid","fontSize":12,"fontStyle":"normal","fontWeight":"normal","type":"polyline","ext":20,"lineDash":[0],"fill":"#fff","lineCenter":[897.5,-107],"entryDirection":[0,1],"entryExt":20,"exitDirection":[0,-1],"exitExt":20,"cpx":{"cpx1":897.5,"cpx2":897.5,"cpy1":-106,"cpy2":-110,"x1":897.5,"y1":-126,"x2":897.5,"y2":-90,"points":[[897.5,-125.5],[897.5,-105.5],[897.5,-107.5],[897.5,-109.5],[897.5,-89.5]],"lineCenter":[897.5,-107],"type":"polyline"},"position":[0,0]},{"id":5810,"fromNode":2737,"endNode":3555,"fromAnch":3,"toAnch":1,"text":"","stroke":"#666","textFill":"#666","lineWidth":1,"lineDashType":"solid","fontSize":12,"fontStyle":"normal","fontWeight":"normal","type":"polyline","ext":20,"lineDash":[0],"fill":"#fff","lineCenter":[897.25,-24],"entryDirection":[0,1],"entryExt":20,"exitDirection":[0,-1],"exitExt":20,"cpx":{"cpx1":897.5,"cpx2":897,"cpy1":-29,"cpy2":-19,"x1":897.5,"y1":-49,"x2":897,"y2":1,"points":[[897.5,-48.5],[897.5,-28.5],[897.5,-23.5],[897.5,-23.5],[897.5,-18.5],[897.5,1.5]],"lineCenter":[897.25,-24],"type":"polyline"},"position":[0,0]},{"id":6079,"fromNode":3555,"endNode":4217,"fromAnch":3,"toAnch":1,"text":"","stroke":"#666","textFill":"#666","lineWidth":1,"lineDashType":"solid","fontSize":12,"fontStyle":"normal","fontWeight":"normal","type":"polyline","ext":20,"lineDash":[0],"fill":"#fff","lineCenter":[897.25,93.5],"entryDirection":[0,1],"entryExt":20,"exitDirection":[0,-1],"exitExt":20,"cpx":{"cpx1":897,"cpx2":897.5,"cpy1":89,"cpy2":98,"x1":897,"y1":69,"x2":897.5,"y2":118,"points":[[897.5,69.5],[897.5,89.5],[897.5,93.5],[897.5,93.5],[897.5,98.5],[897.5,118.5]],"lineCenter":[897.25,93.5],"type":"polyline"},"position":[0,0]},{"id":7400,"fromNode":5115,"endNode":6433,"fromAnch":6,"toAnch":1,"text":"","stroke":"#666","textFill":"#666","lineWidth":1,"lineDashType":"solid","fontSize":12,"fontStyle":"normal","fontWeight":"normal","type":"polyline","ext":20,"lineDash":[0],"fill":"#fff","lineCenter":[831.375,253],"entryDirection":[0,1],"entryExt":20,"exitDirection":[0,-1],"exitExt":20,"cpx":{"cpx1":874.25,"cpx2":788.5,"cpy1":238,"cpy2":268,"x1":874.25,"y1":218,"x2":788.5,"y2":288,"points":[[874.5,218.5],[874.5,238.5],[874.5,253.5],[788.5,253.5],[788.5,268.5],[788.5,288.5]],"lineCenter":[831.375,253],"type":"polyline"},"position":[0,0]},{"id":7590,"fromNode":5115,"endNode":6574,"fromAnch":8,"toAnch":1,"text":"","stroke":"#666","textFill":"#666","lineWidth":1,"lineDashType":"solid","fontSize":12,"fontStyle":"normal","fontWeight":"normal","type":"polyline","ext":20,"lineDash":[0],"fill":"#fff","lineCenter":[978.625,253.5],"entryDirection":[0,1],"entryExt":20,"exitDirection":[0,-1],"exitExt":20,"cpx":{"cpx1":924.75,"cpx2":1032.5,"cpy1":238,"cpy2":269,"x1":924.75,"y1":218,"x2":1032.5,"y2":289,"points":[[924.5,218.5],[924.5,238.5],[924.5,253.5],[1032.5,253.5],[1032.5,269.5],[1032.5,289.5]],"lineCenter":[978.625,253.5],"type":"polyline"},"position":[0,0]},{"id":32907,"fromNode":8887,"endNode":6433,"fromAnch":4,"toAnch":4,"text":"","stroke":"#666","textFill":"#666","lineWidth":1,"lineDashType":"solid","fontSize":12,"fontStyle":"normal","fontWeight":"normal","type":"polyline","ext":20,"lineDash":[0],"fill":"#fff","lineCenter":[715,363.25],"entryDirection":[-1,0],"entryExt":20,"exitDirection":[-1,0],"exitExt":20,"cpx":{"cpx1":715,"cpx2":718,"cpy1":418,"cpy2":308.5,"x1":735,"y1":418,"x2":738,"y2":308.5,"points":[[735.5,418.5],[715.5,418.5],[715.5,308.5],[718.5,308.5],[738.5,308.5]],"lineCenter":[715,363.25],"type":"polyline"},"position":[0,0]},{"id":33200,"fromNode":6433,"endNode":8887,"fromAnch":3,"toAnch":1,"text":"","stroke":"#666","textFill":"#666","lineWidth":1,"lineDashType":"solid","fontSize":12,"fontStyle":"normal","fontWeight":"normal","type":"polyline","ext":20,"lineDash":[0],"fill":"#fff","lineCenter":[788.25,356.5],"entryDirection":[0,1],"entryExt":20,"exitDirection":[0,-1],"exitExt":20,"cpx":{"cpx1":788.5,"cpx2":788,"cpy1":349,"cpy2":364,"x1":788.5,"y1":329,"x2":788,"y2":384,"points":[[788.5,329.5],[788.5,349.5],[788.5,356.5],[788.5,356.5],[788.5,364.5],[788.5,384.5]],"lineCenter":[788.25,356.5],"type":"polyline"},"position":[0,0]},{"id":33499,"fromNode":8887,"endNode":23318,"fromAnch":3,"toAnch":1,"text":"","stroke":"#666","textFill":"#666","lineWidth":1,"lineDashType":"solid","fontSize":12,"fontStyle":"normal","fontWeight":"normal","type":"polyline","ext":20,"lineDash":[0],"fill":"#fff","lineCenter":[788.25,480.5],"entryDirection":[0,1],"entryExt":20,"exitDirection":[0,-1],"exitExt":20,"cpx":{"cpx1":788,"cpx2":788.5,"cpy1":472,"cpy2":489,"x1":788,"y1":452,"x2":788.5,"y2":509,"points":[[788.5,452.5],[788.5,472.5],[788.5,480.5],[788.5,480.5],[788.5,489.5],[788.5,509.5]],"lineCenter":[788.25,480.5],"type":"polyline"},"position":[0,0]},{"id":33879,"fromNode":23318,"endNode":25414,"fromAnch":3,"toAnch":1,"text":"","stroke":"#666","textFill":"#666","lineWidth":1,"lineDashType":"solid","fontSize":12,"fontStyle":"normal","fontWeight":"normal","type":"polyline","ext":20,"lineDash":[0],"fill":"#fff","lineCenter":[788.5,573],"entryDirection":[0,1],"entryExt":20,"exitDirection":[0,-1],"exitExt":20,"cpx":{"cpx1":788.5,"cpx2":788.5,"cpy1":570,"cpy2":582,"x1":788.5,"y1":550,"x2":788.5,"y2":602,"points":[[788.5,550.5],[788.5,570.5],[788.5,576.5],[788.5,582.5],[788.5,602.5]],"lineCenter":[788.5,573],"type":"polyline"},"position":[0,0]},{"id":34096,"fromNode":25414,"endNode":27256,"fromAnch":3,"toAnch":1,"text":"","stroke":"#666","textFill":"#666","lineWidth":1,"lineDashType":"solid","fontSize":12,"fontStyle":"normal","fontWeight":"normal","type":"polyline","ext":20,"lineDash":[0],"fill":"#fff","lineCenter":[788.25,668.5],"entryDirection":[0,1],"entryExt":20,"exitDirection":[0,-1],"exitExt":20,"cpx":{"cpx1":788.5,"cpx2":788,"cpy1":663,"cpy2":674,"x1":788.5,"y1":643,"x2":788,"y2":694,"points":[[788.5,643.5],[788.5,663.5],[788.5,668.5],[788.5,668.5],[788.5,674.5],[788.5,694.5]],"lineCenter":[788.25,668.5],"type":"polyline"},"position":[0,0]},{"id":34489,"fromNode":27256,"endNode":28703,"fromAnch":4,"toAnch":2,"text":"No","stroke":"#666","textFill":"#666","lineWidth":1,"lineDashType":"solid","fontSize":12,"fontStyle":"normal","fontWeight":"normal","type":"polyline","ext":20,"lineDash":[0],"fill":"#fff","lineCenter":[688.5,728.25],"entryDirection":[-1,0],"entryExt":20,"exitDirection":[1,0],"exitExt":20,"cpx":{"cpx1":715,"cpx2":662,"cpy1":728,"cpy2":728.5,"x1":735,"y1":728,"x2":642,"y2":728.5,"points":[[735.5,728.5],[715.5,728.5],[688.5,728.5],[688.5,728.5],[662.5,728.5],[642.5,728.5]],"lineCenter":[688.5,728.25],"type":"polyline"},"position":[0,0]},{"id":34734,"fromNode":27256,"endNode":29487,"fromAnch":3,"toAnch":1,"text":"Yes","stroke":"#666","textFill":"#666","lineWidth":1,"lineDashType":"solid","fontSize":12,"fontStyle":"normal","fontWeight":"normal","type":"polyline","ext":20,"lineDash":[0],"fill":"#fff","lineCenter":[788.25,803.5],"entryDirection":[0,1],"entryExt":20,"exitDirection":[0,-1],"exitExt":20,"cpx":{"cpx1":788,"cpx2":788.5,"cpy1":782,"cpy2":825,"x1":788,"y1":762,"x2":788.5,"y2":845,"points":[[788.5,762.5],[788.5,782.5],[788.5,803.5],[788.5,803.5],[788.5,825.5],[788.5,845.5]],"lineCenter":[788.25,803.5],"type":"polyline"},"position":[0,0]},{"id":36230,"fromNode":6574,"endNode":10058,"fromAnch":3,"toAnch":1,"text":"","stroke":"#666","textFill":"#666","lineWidth":1,"lineDashType":"solid","fontSize":12,"fontStyle":"normal","fontWeight":"normal","type":"polyline","ext":20,"lineDash":[0],"fill":"#fff","lineCenter":[1032.5,354.75],"entryDirection":[0,1],"entryExt":20,"exitDirection":[0,-1],"exitExt":20,"cpx":{"cpx1":1032.5,"cpx2":1032.5,"cpy1":350,"cpy2":369,"x1":1032.5,"y1":330,"x2":1032.5,"y2":389,"points":[[1032.5,330.5],[1032.5,350.5],[1032.5,359.5],[1032.5,369.5],[1032.5,389.5]],"lineCenter":[1032.5,354.75],"type":"polyline"},"position":[0,0]},{"id":36571,"fromNode":10058,"endNode":12052,"fromAnch":3,"toAnch":1,"text":"","stroke":"#666","textFill":"#666","lineWidth":1,"lineDashType":"solid","fontSize":12,"fontStyle":"normal","fontWeight":"normal","type":"polyline","ext":20,"lineDash":[0],"fill":"#fff","lineCenter":[1032.25,458.5],"entryDirection":[0,1],"entryExt":20,"exitDirection":[0,-1],"exitExt":20,"cpx":{"cpx1":1032.5,"cpx2":1032,"cpy1":450,"cpy2":467,"x1":1032.5,"y1":430,"x2":1032,"y2":487,"points":[[1032.5,430.5],[1032.5,450.5],[1032.5,458.5],[1032.5,458.5],[1032.5,467.5],[1032.5,487.5]],"lineCenter":[1032.25,458.5],"type":"polyline"},"position":[0,0]},{"id":36853,"fromNode":12052,"endNode":19132,"fromAnch":3,"toAnch":1,"text":"Yes","stroke":"#666","textFill":"#666","lineWidth":1,"lineDashType":"solid","fontSize":12,"fontStyle":"normal","fontWeight":"normal","type":"polyline","ext":20,"lineDash":[0],"fill":"#fff","lineCenter":[1032.25,581],"entryDirection":[0,1],"entryExt":20,"exitDirection":[0,-1],"exitExt":20,"cpx":{"cpx1":1032,"cpx2":1032.5,"cpy1":575,"cpy2":587,"x1":1032,"y1":555,"x2":1032.5,"y2":607,"points":[[1032.5,555.5],[1032.5,575.5],[1032.5,581.5],[1032.5,581.5],[1032.5,587.5],[1032.5,607.5]],"lineCenter":[1032.25,581],"type":"polyline"},"position":[0,0]},{"id":37161,"fromNode":12052,"endNode":14042,"fromAnch":2,"toAnch":4,"text":"No","stroke":"#666","textFill":"#666","lineWidth":1,"lineDashType":"solid","fontSize":12,"fontStyle":"normal","fontWeight":"normal","type":"polyline","ext":20,"lineDash":[0],"fill":"#fff","lineCenter":[1164.5,521.25],"entryDirection":[1,0],"entryExt":20,"exitDirection":[-1,0],"exitExt":20,"cpx":{"cpx1":1105,"cpx2":1224,"cpy1":521,"cpy2":521.5,"x1":1085,"y1":521,"x2":1244,"y2":521.5,"points":[[1085.5,521.5],[1105.5,521.5],[1164.5,521.5],[1164.5,521.5],[1224.5,521.5],[1244.5,521.5]],"lineCenter":[1164.5,521.25],"type":"polyline"},"position":[0,0]},{"id":38485,"fromNode":14042,"endNode":6574,"fromAnch":2,"toAnch":2,"text":"","stroke":"#666","textFill":"#666","lineWidth":1,"lineDashType":"solid","fontSize":12,"fontStyle":"normal","fontWeight":"normal","type":"polyline","ext":20,"lineDash":[0],"fill":"#fff","lineCenter":[1365,415.5],"entryDirection":[1,0],"entryExt":20,"exitDirection":[1,0],"exitExt":20,"cpx":{"cpx1":1365,"cpx2":1103,"cpy1":521.5,"cpy2":309.5,"x1":1345,"y1":521.5,"x2":1083,"y2":309.5,"points":[[1345.5,521.5],[1365.5,521.5],[1365.5,309.5],[1103.5,309.5],[1083.5,309.5]],"lineCenter":[1365,415.5],"type":"polyline"},"position":[0,0]},{"id":50504,"fromNode":19132,"endNode":20337,"fromAnch":3,"toAnch":1,"text":"","stroke":"#666","textFill":"#666","lineWidth":1,"lineDashType":"solid","fontSize":12,"fontStyle":"normal","fontWeight":"normal","type":"polyline","ext":20,"lineDash":[0],"fill":"#fff","lineCenter":[1032.25,676],"entryDirection":[0,1],"entryExt":20,"exitDirection":[0,-1],"exitExt":20,"cpx":{"cpx1":1032.5,"cpx2":1032,"cpy1":668,"cpy2":684,"x1":1032.5,"y1":648,"x2":1032,"y2":704,"points":[[1032.5,648.5],[1032.5,668.5],[1032.5,676.5],[1032.5,676.5],[1032.5,684.5],[1032.5,704.5]],"lineCenter":[1032.25,676],"type":"polyline"},"position":[0,0]},{"id":51044,"fromNode":20337,"endNode":19132,"fromAnch":4,"toAnch":4,"text":"","stroke":"#666","textFill":"#666","lineWidth":1,"lineDashType":"solid","fontSize":12,"fontStyle":"normal","fontWeight":"normal","type":"polyline","ext":20,"lineDash":[0],"fill":"#fff","lineCenter":[959,682.75],"entryDirection":[-1,0],"entryExt":20,"exitDirection":[-1,0],"exitExt":20,"cpx":{"cpx1":959,"cpx2":962,"cpy1":738,"cpy2":627.5,"x1":979,"y1":738,"x2":982,"y2":627.5,"points":[[979.5,738.5],[959.5,738.5],[959.5,627.5],[962.5,627.5],[982.5,627.5]],"lineCenter":[959,682.75],"type":"polyline"},"position":[0,0]},{"id":56194,"fromNode":20337,"endNode":21456,"fromAnch":3,"toAnch":1,"text":"","stroke":"#666","textFill":"#666","lineWidth":1,"lineDashType":"solid","fontSize":12,"fontStyle":"normal","fontWeight":"normal","type":"polyline","ext":20,"lineDash":[0],"fill":"#fff","lineCenter":[1032.25,798.5],"entryDirection":[0,1],"entryExt":20,"exitDirection":[0,-1],"exitExt":20,"cpx":{"cpx1":1032,"cpx2":1032.5,"cpy1":792,"cpy2":805,"x1":1032,"y1":772,"x2":1032.5,"y2":825,"points":[[1032.5,772.5],[1032.5,792.5],[1032.5,798.5],[1032.5,798.5],[1032.5,805.5],[1032.5,825.5]],"lineCenter":[1032.25,798.5],"type":"polyline"},"position":[0,0]},{"id":59796,"fromNode":29487,"endNode":21456,"fromAnch":2,"toAnch":4,"text":"","stroke":"#666","textFill":"#666","lineWidth":1,"lineDashType":"solid","fontSize":12,"fontStyle":"normal","fontWeight":"normal","type":"polyline","ext":20,"lineDash":[0],"fill":"#fff","lineCenter":[887.25,865.5],"entryDirection":[1,0],"entryExt":20,"exitDirection":[-1,0],"exitExt":20,"cpx":{"cpx1":859,"cpx2":972,"cpy1":865.5,"cpy2":865.5,"x1":839,"y1":865.5,"x2":992,"y2":865.5,"points":[[839.5,865.5],[859.5,865.5],[915.5,865.5],[972.5,865.5],[992.5,865.5]],"lineCenter":[887.25,865.5],"type":"polyline"},"position":[0,0]},{"id":100608,"fromNode":12052,"endNode":14214,"fromAnch":2,"toAnch":4,"text":"","stroke":"#666","textFill":"#666","lineWidth":1,"lineDashType":"solid","fontSize":12,"fontStyle":"normal","fontWeight":"normal","type":"polyline","ext":20,"lineDash":[0],"fill":"#fff","lineCenter":[1123,485.75],"entryDirection":[1,0],"entryExt":20,"exitDirection":[-1,0],"exitExt":20,"cpx":{"cpx1":1105,"cpx2":1141,"cpy1":521,"cpy2":450.5,"x1":1085,"y1":521,"x2":1161,"y2":450.5,"points":[[1085.5,521.5],[1105.5,521.5],[1123.5,521.5],[1123.5,450.5],[1141.5,450.5],[1161.5,450.5]],"lineCenter":[1123,485.75],"type":"polyline"},"position":[0,0]},{"id":101339,"fromNode":14214,"endNode":10058,"fromAnch":1,"toAnch":2,"text":"","stroke":"#666","textFill":"#666","lineWidth":1,"lineDashType":"solid","fontSize":12,"fontStyle":"normal","fontWeight":"normal","type":"polyline","ext":20,"lineDash":[0],"fill":"#fff","lineCenter":[1211.5,409.75],"entryDirection":[0,-1],"entryExt":20,"exitDirection":[1,0],"exitExt":20,"cpx":{"cpx1":1211.5,"cpx2":1103,"cpy1":410,"cpy2":409.5,"x1":1211.5,"y1":430,"x2":1083,"y2":409.5,"points":[[1211.5,430.5],[1211.5,410.5],[1211.5,409.5],[1103.5,409.5],[1083.5,409.5]],"lineCenter":[1211.5,409.75],"type":"polyline"},"position":[0,0]}]}