{
  "id": "",
  "name": "",
  "font_family": "iconfont",
  "css_prefix_text": "icon-",
  "description": "",
  "glyphs": [
    {
      "icon_id": "774484",
      "name": "开锁",
      "font_class": "kaisuo",
      "unicode": "e684",
      "unicode_decimal": 59012
    },
    {
      "icon_id": "893370",
      "name": "缩小",
      "font_class": "suoxiao",
      "unicode": "e69f",
      "unicode_decimal": 59039
    },
    {
      "icon_id": "1187928",
      "name": "line-dotted",
      "font_class": "linedotted",
      "unicode": "e6ca",
      "unicode_decimal": 59082
    },
    {
      "icon_id": "1666213",
      "name": "矩形",
      "font_class": "juxing",
      "unicode": "e619",
      "unicode_decimal": 58905
    },
    {
      "icon_id": "2416568",
      "name": "download",
      "font_class": "upload-demo",
      "unicode": "e699",
      "unicode_decimal": 59033
    },
    {
      "icon_id": "2473123",
      "name": "line",
      "font_class": "line",
      "unicode": "e672",
      "unicode_decimal": 58994
    },
    {
      "icon_id": "2958303",
      "name": "dropbox",
      "font_class": "dropbox",
      "unicode": "e750",
      "unicode_decimal": 59216
    },
    {
      "icon_id": "2994073",
      "name": "页面",
      "font_class": "yemian",
      "unicode": "e61f",
      "unicode_decimal": 58911
    },
    {
      "icon_id": "3043278",
      "name": "open",
      "font_class": "open",
      "unicode": "e71d",
      "unicode_decimal": 59165
    },
    {
      "icon_id": "3494930",
      "name": "copy",
      "font_class": "copy",
      "unicode": "e6aa",
      "unicode_decimal": 59050
    },
    {
      "icon_id": "3530736",
      "name": "心形",
      "font_class": "heart",
      "unicode": "e656",
      "unicode_decimal": 58966
    },
    {
      "icon_id": "3550853",
      "name": "圆形",
      "font_class": "ziyuan",
      "unicode": "e60a",
      "unicode_decimal": 58890
    },
    {
      "icon_id": "3682202",
      "name": "line-dashed",
      "font_class": "line-dashed",
      "unicode": "e68b",
      "unicode_decimal": 59019
    },
    {
      "icon_id": "4747717",
      "name": "左对齐",
      "font_class": "align-left",
      "unicode": "e7b3",
      "unicode_decimal": 59315
    },
    {
      "icon_id": "5113082",
      "name": "jpg",
      "font_class": "jpg",
      "unicode": "e679",
      "unicode_decimal": 59001
    },
    {
      "icon_id": "5113083",
      "name": "pdf",
      "font_class": "pdf",
      "unicode": "e67a",
      "unicode_decimal": 59002
    },
    {
      "icon_id": "5273781",
      "name": "曲线(箭头)",
      "font_class": "quxianjiantou",
      "unicode": "e666",
      "unicode_decimal": 58982
    },
    {
      "icon_id": "5274379",
      "name": "折线(箭头)",
      "font_class": "zhexianjiantou",
      "unicode": "e729",
      "unicode_decimal": 59177
    },
    {
      "icon_id": "5275602",
      "name": "直线(箭头)",
      "font_class": "zhixianjiantou",
      "unicode": "e7e7",
      "unicode_decimal": 59367
    },
    {
      "icon_id": "5515125",
      "name": "水平对齐",
      "font_class": "halign",
      "unicode": "e621",
      "unicode_decimal": 58913
    },
    {
      "icon_id": "6135295",
      "name": "redo",
      "font_class": "redo",
      "unicode": "e652",
      "unicode_decimal": 58962
    },
    {
      "icon_id": "6670578",
      "name": "undo",
      "font_class": "undo",
      "unicode": "e607",
      "unicode_decimal": 58887
    },
    {
      "icon_id": "6761467",
      "name": "放大",
      "font_class": "fangda",
      "unicode": "e657",
      "unicode_decimal": 58967
    },
    {
      "icon_id": "6993250",
      "name": "JSON",
      "font_class": "JSON",
      "unicode": "e763",
      "unicode_decimal": 59235
    },
    {
      "icon_id": "7133506",
      "name": "五角星",
      "font_class": "icon-",
      "unicode": "e63a",
      "unicode_decimal": 58938
    },
    {
      "icon_id": "7431939",
      "name": "右",
      "font_class": "you",
      "unicode": "e60b",
      "unicode_decimal": 58891
    },
    {
      "icon_id": "7522411",
      "name": "to-front",
      "font_class": "to-front",
      "unicode": "e7cc",
      "unicode_decimal": 59340
    },
    {
      "icon_id": "7522412",
      "name": "to-back",
      "font_class": "to-back",
      "unicode": "e7cd",
      "unicode_decimal": 59341
    },
    {
      "icon_id": "8004776",
      "name": "add",
      "font_class": "add",
      "unicode": "e612",
      "unicode_decimal": 58898
    },
    {
      "icon_id": "8016887",
      "name": "右对齐",
      "font_class": "youduiqi",
      "unicode": "e833",
      "unicode_decimal": 59443
    },
    {
      "icon_id": "8229630",
      "name": "居中对齐",
      "font_class": "juzhongduiqi",
      "unicode": "e673",
      "unicode_decimal": 58995
    },
    {
      "icon_id": "8323430",
      "name": "line",
      "font_class": "line1",
      "unicode": "e51d",
      "unicode_decimal": 58653
    },
    {
      "icon_id": "8433705",
      "name": "删 除",
      "font_class": "shanchu",
      "unicode": "e613",
      "unicode_decimal": 58899
    },
    {
      "icon_id": "8606933",
      "name": "google-drive",
      "font_class": "google-drive",
      "unicode": "e9af",
      "unicode_decimal": 59823
    },
    {
      "icon_id": "8716157",
      "name": "加粗",
      "font_class": "jiacu",
      "unicode": "e61d",
      "unicode_decimal": 58909
    },
    {
      "icon_id": "8737280",
      "name": "倾斜",
      "font_class": "qingxie",
      "unicode": "e756",
      "unicode_decimal": 59222
    },
    {
      "icon_id": "8814223",
      "name": "PNG",
      "font_class": "PNG",
      "unicode": "e62c",
      "unicode_decimal": 58924
    },
    {
      "icon_id": "8965983",
      "name": "居中",
      "font_class": "juzhong",
      "unicode": "e757",
      "unicode_decimal": 59223
    },
    {
      "icon_id": "9045730",
      "name": "上",
      "font_class": "arrow-down-last",
      "unicode": "e51e",
      "unicode_decimal": 58654
    },
    {
      "icon_id": "9056919",
      "name": "锁",
      "font_class": "suo",
      "unicode": "e634",
      "unicode_decimal": 58932
    },
    {
      "icon_id": "9116919",
      "name": "分割线",
      "font_class": "fengexian",
      "unicode": "e9ca",
      "unicode_decimal": 59850
    },
    {
      "icon_id": "9230695",
      "name": "group",
      "font_class": "group",
      "unicode": "e915",
      "unicode_decimal": 59669
    },
    {
      "icon_id": "9814815",
      "name": "七牛云存储",
      "font_class": "qiniuyuncunchu",
      "unicode": "e661",
      "unicode_decimal": 58977
    },
    {
      "icon_id": "9981247",
      "name": "三角形",
      "font_class": "sanjiaoxing",
      "unicode": "e6d3",
      "unicode_decimal": 59091
    },
    {
      "icon_id": "10067427",
      "name": "锁",
      "font_class": "suo1",
      "unicode": "e6b7",
      "unicode_decimal": 59063
    },
    {
      "icon_id": "10691446",
      "name": "平行四边形",
      "font_class": "pinghangsibianxing",
      "unicode": "e663",
      "unicode_decimal": 58979
    },
    {
      "icon_id": "10863012",
      "name": "水平直线",
      "font_class": "shuipingzhixian",
      "unicode": "e625",
      "unicode_decimal": 58917
    },
    {
      "icon_id": "11064940",
      "name": "关  闭",
      "font_class": "guanbi",
      "unicode": "e608",
      "unicode_decimal": 58888
    },
    {
      "icon_id": "11652702",
      "name": "ungroup",
      "font_class": "ungroup",
      "unicode": "e693",
      "unicode_decimal": 59027
    },
    {
      "icon_id": "11813373",
      "name": "菱形",
      "font_class": "lingxing",
      "unicode": "e54f",
      "unicode_decimal": 58703
    },
    {
      "icon_id": "11976279",
      "name": "居右",
      "font_class": "juyou",
      "unicode": "e618",
      "unicode_decimal": 58904
    },
    {
      "icon_id": "11976280",
      "name": "居中",
      "font_class": "juzhong1",
      "unicode": "e61a",
      "unicode_decimal": 58906
    },
    {
      "icon_id": "11976282",
      "name": "居左",
      "font_class": "juzuo",
      "unicode": "e61b",
      "unicode_decimal": 58907
    },
    {
      "icon_id": "12182839",
      "name": "框选",
      "font_class": "kuangxuan",
      "unicode": "e641",
      "unicode_decimal": 58945
    }
  ]
}
